USE [master]
GO
/****** Object:  Database [QuizAPI]    Script Date: 4/24/2024 5:23:14 PM ******/
CREATE DATABASE [QuizAPI]
 CONTAINMENT = NONE
 ON  PRIMARY 
( NAME = N'QuizAPI', FILENAME = N'C:\Program Files\Microsoft SQL Server\MSSQL16.SQLEXPRESS\MSSQL\DATA\QuizAPI.mdf' , SIZE = 8192KB , MAXSIZE = UNLIMITED, FILEGROWTH = 65536KB )
 LOG ON 
( NAME = N'QuizAPI_log', FILENAME = N'C:\Program Files\Microsoft SQL Server\MSSQL16.SQLEXPRESS\MSSQL\DATA\QuizAPI_log.ldf' , SIZE = 8192KB , MAXSIZE = 2048GB , FILEGROWTH = 65536KB )
 WITH CATALOG_COLLATION = DATABASE_DEFAULT, LEDGER = OFF
GO
ALTER DATABASE [QuizAPI] SET COMPATIBILITY_LEVEL = 160
GO
IF (1 = FULLTEXTSERVICEPROPERTY('IsFullTextInstalled'))
begin
EXEC [QuizAPI].[dbo].[sp_fulltext_database] @action = 'enable'
end
GO
ALTER DATABASE [QuizAPI] SET ANSI_NULL_DEFAULT OFF 
GO
ALTER DATABASE [QuizAPI] SET ANSI_NULLS OFF 
GO
ALTER DATABASE [QuizAPI] SET ANSI_PADDING OFF 
GO
ALTER DATABASE [QuizAPI] SET ANSI_WARNINGS OFF 
GO
ALTER DATABASE [QuizAPI] SET ARITHABORT OFF 
GO
ALTER DATABASE [QuizAPI] SET AUTO_CLOSE OFF 
GO
ALTER DATABASE [QuizAPI] SET AUTO_SHRINK OFF 
GO
ALTER DATABASE [QuizAPI] SET AUTO_UPDATE_STATISTICS ON 
GO
ALTER DATABASE [QuizAPI] SET CURSOR_CLOSE_ON_COMMIT OFF 
GO
ALTER DATABASE [QuizAPI] SET CURSOR_DEFAULT  GLOBAL 
GO
ALTER DATABASE [QuizAPI] SET CONCAT_NULL_YIELDS_NULL OFF 
GO
ALTER DATABASE [QuizAPI] SET NUMERIC_ROUNDABORT OFF 
GO
ALTER DATABASE [QuizAPI] SET QUOTED_IDENTIFIER OFF 
GO
ALTER DATABASE [QuizAPI] SET RECURSIVE_TRIGGERS OFF 
GO
ALTER DATABASE [QuizAPI] SET  DISABLE_BROKER 
GO
ALTER DATABASE [QuizAPI] SET AUTO_UPDATE_STATISTICS_ASYNC OFF 
GO
ALTER DATABASE [QuizAPI] SET DATE_CORRELATION_OPTIMIZATION OFF 
GO
ALTER DATABASE [QuizAPI] SET TRUSTWORTHY OFF 
GO
ALTER DATABASE [QuizAPI] SET ALLOW_SNAPSHOT_ISOLATION OFF 
GO
ALTER DATABASE [QuizAPI] SET PARAMETERIZATION SIMPLE 
GO
ALTER DATABASE [QuizAPI] SET READ_COMMITTED_SNAPSHOT OFF 
GO
ALTER DATABASE [QuizAPI] SET HONOR_BROKER_PRIORITY OFF 
GO
ALTER DATABASE [QuizAPI] SET RECOVERY SIMPLE 
GO
ALTER DATABASE [QuizAPI] SET  MULTI_USER 
GO
ALTER DATABASE [QuizAPI] SET PAGE_VERIFY CHECKSUM  
GO
ALTER DATABASE [QuizAPI] SET DB_CHAINING OFF 
GO
ALTER DATABASE [QuizAPI] SET FILESTREAM( NON_TRANSACTED_ACCESS = OFF ) 
GO
ALTER DATABASE [QuizAPI] SET TARGET_RECOVERY_TIME = 60 SECONDS 
GO
ALTER DATABASE [QuizAPI] SET DELAYED_DURABILITY = DISABLED 
GO
ALTER DATABASE [QuizAPI] SET ACCELERATED_DATABASE_RECOVERY = OFF  
GO
ALTER DATABASE [QuizAPI] SET QUERY_STORE = ON
GO
ALTER DATABASE [QuizAPI] SET QUERY_STORE (OPERATION_MODE = READ_WRITE, CLEANUP_POLICY = (STALE_QUERY_THRESHOLD_DAYS = 30), DATA_FLUSH_INTERVAL_SECONDS = 900, INTERVAL_LENGTH_MINUTES = 60, MAX_STORAGE_SIZE_MB = 1000, QUERY_CAPTURE_MODE = AUTO, SIZE_BASED_CLEANUP_MODE = AUTO, MAX_PLANS_PER_QUERY = 200, WAIT_STATS_CAPTURE_MODE = ON)
GO
USE [QuizAPI]
GO
/****** Object:  Table [dbo].[ANSWER]    Script Date: 4/24/2024 5:23:15 PM ******/
SET ANSI_NULLS ON
GO
SET QUOTED_IDENTIFIER ON
GO
CREATE TABLE [dbo].[ANSWER](
	[ANSWERNO] [int] IDENTITY(1,1) NOT NULL,
	[QUESTIONNO] [int] NOT NULL,
	[ISCORECT] [bit] NOT NULL,
	[DESCRIPTION] [nvarchar](max) NULL,
	[STATUS] [bit] NOT NULL,
 CONSTRAINT [PK_ANSWER] PRIMARY KEY CLUSTERED 
(
	[ANSWERNO] ASC
)WITH (PAD_INDEX = OFF, STATISTICS_NORECOMPUTE = OFF, IGNORE_DUP_KEY = OFF, ALLOW_ROW_LOCKS = ON, ALLOW_PAGE_LOCKS = ON, OPTIMIZE_FOR_SEQUENTIAL_KEY = OFF) ON [PRIMARY]
) ON [PRIMARY] TEXTIMAGE_ON [PRIMARY]
GO
/****** Object:  Table [dbo].[CATEGORY]    Script Date: 4/24/2024 5:23:15 PM ******/
SET ANSI_NULLS ON
GO
SET QUOTED_IDENTIFIER ON
GO
CREATE TABLE [dbo].[CATEGORY](
	[CATEGORYNO] [int] IDENTITY(1,1) NOT NULL,
	[TITLE] [nvarchar](100) NULL,
	[DESCRIPTION] [nvarchar](max) NULL,
	[STATUS] [bit] NOT NULL,
 CONSTRAINT [PK_CATEGORY] PRIMARY KEY CLUSTERED 
(
	[CATEGORYNO] ASC
)WITH (PAD_INDEX = OFF, STATISTICS_NORECOMPUTE = OFF, IGNORE_DUP_KEY = OFF, ALLOW_ROW_LOCKS = ON, ALLOW_PAGE_LOCKS = ON, OPTIMIZE_FOR_SEQUENTIAL_KEY = OFF) ON [PRIMARY]
) ON [PRIMARY] TEXTIMAGE_ON [PRIMARY]
GO
/****** Object:  Table [dbo].[ENROLL]    Script Date: 4/24/2024 5:23:15 PM ******/
SET ANSI_NULLS ON
GO
SET QUOTED_IDENTIFIER ON
GO
CREATE TABLE [dbo].[ENROLL](
	[USERNAME] [nchar](20) NOT NULL,
	[SUBJECTNO] [int] NOT NULL,
 CONSTRAINT [PK_ENROLL] PRIMARY KEY CLUSTERED 
(
	[USERNAME] ASC,
	[SUBJECTNO] ASC
)WITH (PAD_INDEX = OFF, STATISTICS_NORECOMPUTE = OFF, IGNORE_DUP_KEY = OFF, ALLOW_ROW_LOCKS = ON, ALLOW_PAGE_LOCKS = ON, OPTIMIZE_FOR_SEQUENTIAL_KEY = OFF) ON [PRIMARY]
) ON [PRIMARY]
GO
/****** Object:  Table [dbo].[HISTORY]    Script Date: 4/24/2024 5:23:15 PM ******/
SET ANSI_NULLS ON
GO
SET QUOTED_IDENTIFIER ON
GO
CREATE TABLE [dbo].[HISTORY](
	[HTRNO] [int] IDENTITY(1,1) NOT NULL,
	[USERNAME] [nchar](20) NOT NULL,
	[TESTNO] [int] NOT NULL,
	[SUBJECTNO] [int] NOT NULL,
	[QUESTIONNO] [int] NOT NULL,
	[ANSWERNO] [int] NOT NULL,
 CONSTRAINT [PK_HISTORY_1] PRIMARY KEY CLUSTERED 
(
	[HTRNO] ASC
)WITH (PAD_INDEX = OFF, STATISTICS_NORECOMPUTE = OFF, IGNORE_DUP_KEY = OFF, ALLOW_ROW_LOCKS = ON, ALLOW_PAGE_LOCKS = ON, OPTIMIZE_FOR_SEQUENTIAL_KEY = OFF) ON [PRIMARY]
) ON [PRIMARY]
GO
/****** Object:  Table [dbo].[QUESTION]    Script Date: 4/24/2024 5:23:15 PM ******/
SET ANSI_NULLS ON
GO
SET QUOTED_IDENTIFIER ON
GO
CREATE TABLE [dbo].[QUESTION](
	[QUESTIONNO] [int] IDENTITY(1,1) NOT NULL,
	[SUBJECTNO] [int] NOT NULL,
	[DESCRIPTION] [nvarchar](max) NULL,
	[STATUS] [bit] NOT NULL,
 CONSTRAINT [PK_QUESTION] PRIMARY KEY CLUSTERED 
(
	[QUESTIONNO] ASC
)WITH (PAD_INDEX = OFF, STATISTICS_NORECOMPUTE = OFF, IGNORE_DUP_KEY = OFF, ALLOW_ROW_LOCKS = ON, ALLOW_PAGE_LOCKS = ON, OPTIMIZE_FOR_SEQUENTIAL_KEY = OFF) ON [PRIMARY]
) ON [PRIMARY] TEXTIMAGE_ON [PRIMARY]
GO
/****** Object:  Table [dbo].[SUBJECT]    Script Date: 4/24/2024 5:23:15 PM ******/
SET ANSI_NULLS ON
GO
SET QUOTED_IDENTIFIER ON
GO
CREATE TABLE [dbo].[SUBJECT](
	[SUBJECTNO] [int] IDENTITY(1,1) NOT NULL,
	[TITLE] [nvarchar](100) NULL,
	[DESCRIPTION] [nvarchar](max) NULL,
	[CATEGORYNO] [int] NOT NULL,
	[STATUS] [bit] NOT NULL,
	[IMAGE] [nvarchar](max) NULL,
 CONSTRAINT [PK_SUBJECT] PRIMARY KEY CLUSTERED 
(
	[SUBJECTNO] ASC
)WITH (PAD_INDEX = OFF, STATISTICS_NORECOMPUTE = OFF, IGNORE_DUP_KEY = OFF, ALLOW_ROW_LOCKS = ON, ALLOW_PAGE_LOCKS = ON, OPTIMIZE_FOR_SEQUENTIAL_KEY = OFF) ON [PRIMARY]
) ON [PRIMARY] TEXTIMAGE_ON [PRIMARY]
GO
/****** Object:  Table [dbo].[USER]    Script Date: 4/24/2024 5:23:15 PM ******/
SET ANSI_NULLS ON
GO
SET QUOTED_IDENTIFIER ON
GO
CREATE TABLE [dbo].[USER](
	[USERNAME] [nchar](20) NOT NULL,
	[PASSWORD] [nchar](20) NOT NULL,
	[FIRST_NAME] [nvarchar](50) NULL,
	[LAST_NAME] [nvarchar](50) NULL,
	[EMAIL] [nchar](100) NULL,
	[PHONENUMBER] [nchar](16) NULL,
	[ROLE] [bit] NOT NULL,
	[STATUS] [bit] NOT NULL,
 CONSTRAINT [PK_USER] PRIMARY KEY CLUSTERED 
(
	[USERNAME] ASC
)WITH (PAD_INDEX = OFF, STATISTICS_NORECOMPUTE = OFF, IGNORE_DUP_KEY = OFF, ALLOW_ROW_LOCKS = ON, ALLOW_PAGE_LOCKS = ON, OPTIMIZE_FOR_SEQUENTIAL_KEY = OFF) ON [PRIMARY]
) ON [PRIMARY]
GO
SET IDENTITY_INSERT [dbo].[ANSWER] ON 

INSERT [dbo].[ANSWER] ([ANSWERNO], [QUESTIONNO], [ISCORECT], [DESCRIPTION], [STATUS]) VALUES (2, 2, 1, N'I', 1)
INSERT [dbo].[ANSWER] ([ANSWERNO], [QUESTIONNO], [ISCORECT], [DESCRIPTION], [STATUS]) VALUES (3, 2, 0, N'MySelf', 1)
INSERT [dbo].[ANSWER] ([ANSWERNO], [QUESTIONNO], [ISCORECT], [DESCRIPTION], [STATUS]) VALUES (4, 2, 0, N'me', 1)
INSERT [dbo].[ANSWER] ([ANSWERNO], [QUESTIONNO], [ISCORECT], [DESCRIPTION], [STATUS]) VALUES (5, 2, 0, N'mine', 1)
INSERT [dbo].[ANSWER] ([ANSWERNO], [QUESTIONNO], [ISCORECT], [DESCRIPTION], [STATUS]) VALUES (7, 3, 1, N'is', 1)
INSERT [dbo].[ANSWER] ([ANSWERNO], [QUESTIONNO], [ISCORECT], [DESCRIPTION], [STATUS]) VALUES (8, 3, 0, N'was', 1)
INSERT [dbo].[ANSWER] ([ANSWERNO], [QUESTIONNO], [ISCORECT], [DESCRIPTION], [STATUS]) VALUES (9, 3, 0, N'are', 1)
INSERT [dbo].[ANSWER] ([ANSWERNO], [QUESTIONNO], [ISCORECT], [DESCRIPTION], [STATUS]) VALUES (10, 3, 0, N'were', 1)
INSERT [dbo].[ANSWER] ([ANSWERNO], [QUESTIONNO], [ISCORECT], [DESCRIPTION], [STATUS]) VALUES (11, 4, 0, N'are', 1)
INSERT [dbo].[ANSWER] ([ANSWERNO], [QUESTIONNO], [ISCORECT], [DESCRIPTION], [STATUS]) VALUES (12, 4, 0, N'were', 1)
INSERT [dbo].[ANSWER] ([ANSWERNO], [QUESTIONNO], [ISCORECT], [DESCRIPTION], [STATUS]) VALUES (13, 4, 1, N'was', 1)
INSERT [dbo].[ANSWER] ([ANSWERNO], [QUESTIONNO], [ISCORECT], [DESCRIPTION], [STATUS]) VALUES (14, 4, 0, N'is', 1)
INSERT [dbo].[ANSWER] ([ANSWERNO], [QUESTIONNO], [ISCORECT], [DESCRIPTION], [STATUS]) VALUES (15, 5, 0, N'finish', 1)
INSERT [dbo].[ANSWER] ([ANSWERNO], [QUESTIONNO], [ISCORECT], [DESCRIPTION], [STATUS]) VALUES (16, 5, 0, N'have finished', 1)
INSERT [dbo].[ANSWER] ([ANSWERNO], [QUESTIONNO], [ISCORECT], [DESCRIPTION], [STATUS]) VALUES (17, 5, 0, N'will finish', 1)
INSERT [dbo].[ANSWER] ([ANSWERNO], [QUESTIONNO], [ISCORECT], [DESCRIPTION], [STATUS]) VALUES (18, 5, 1, N'will have finished', 1)
INSERT [dbo].[ANSWER] ([ANSWERNO], [QUESTIONNO], [ISCORECT], [DESCRIPTION], [STATUS]) VALUES (19, 6, 0, N'play', 1)
INSERT [dbo].[ANSWER] ([ANSWERNO], [QUESTIONNO], [ISCORECT], [DESCRIPTION], [STATUS]) VALUES (20, 6, 1, N'played', 1)
INSERT [dbo].[ANSWER] ([ANSWERNO], [QUESTIONNO], [ISCORECT], [DESCRIPTION], [STATUS]) VALUES (21, 6, 0, N'are playing', 1)
INSERT [dbo].[ANSWER] ([ANSWERNO], [QUESTIONNO], [ISCORECT], [DESCRIPTION], [STATUS]) VALUES (22, 6, 0, N'were playing', 1)
INSERT [dbo].[ANSWER] ([ANSWERNO], [QUESTIONNO], [ISCORECT], [DESCRIPTION], [STATUS]) VALUES (23, 7, 0, N'require', 1)
INSERT [dbo].[ANSWER] ([ANSWERNO], [QUESTIONNO], [ISCORECT], [DESCRIPTION], [STATUS]) VALUES (24, 7, 0, N'has required', 1)
INSERT [dbo].[ANSWER] ([ANSWERNO], [QUESTIONNO], [ISCORECT], [DESCRIPTION], [STATUS]) VALUES (25, 7, 1, N'requires', 1)
INSERT [dbo].[ANSWER] ([ANSWERNO], [QUESTIONNO], [ISCORECT], [DESCRIPTION], [STATUS]) VALUES (26, 7, 0, N'has required', 1)
INSERT [dbo].[ANSWER] ([ANSWERNO], [QUESTIONNO], [ISCORECT], [DESCRIPTION], [STATUS]) VALUES (27, 8, 1, N'did', 1)
INSERT [dbo].[ANSWER] ([ANSWERNO], [QUESTIONNO], [ISCORECT], [DESCRIPTION], [STATUS]) VALUES (28, 8, 0, N'had', 1)
INSERT [dbo].[ANSWER] ([ANSWERNO], [QUESTIONNO], [ISCORECT], [DESCRIPTION], [STATUS]) VALUES (29, 8, 0, N'didn''t', 1)
INSERT [dbo].[ANSWER] ([ANSWERNO], [QUESTIONNO], [ISCORECT], [DESCRIPTION], [STATUS]) VALUES (30, 8, 0, N'hasn''t', 1)
INSERT [dbo].[ANSWER] ([ANSWERNO], [QUESTIONNO], [ISCORECT], [DESCRIPTION], [STATUS]) VALUES (31, 9, 0, N'few', 1)
INSERT [dbo].[ANSWER] ([ANSWERNO], [QUESTIONNO], [ISCORECT], [DESCRIPTION], [STATUS]) VALUES (32, 9, 1, N'less', 1)
INSERT [dbo].[ANSWER] ([ANSWERNO], [QUESTIONNO], [ISCORECT], [DESCRIPTION], [STATUS]) VALUES (33, 9, 0, N'fewer', 1)
INSERT [dbo].[ANSWER] ([ANSWERNO], [QUESTIONNO], [ISCORECT], [DESCRIPTION], [STATUS]) VALUES (34, 9, 0, N'lesser', 1)
INSERT [dbo].[ANSWER] ([ANSWERNO], [QUESTIONNO], [ISCORECT], [DESCRIPTION], [STATUS]) VALUES (35, 10, 1, N'native American legends', 1)
INSERT [dbo].[ANSWER] ([ANSWERNO], [QUESTIONNO], [ISCORECT], [DESCRIPTION], [STATUS]) VALUES (36, 10, 0, N'European tradition', 1)
INSERT [dbo].[ANSWER] ([ANSWERNO], [QUESTIONNO], [ISCORECT], [DESCRIPTION], [STATUS]) VALUES (37, 10, 0, N'North Dakota', 1)
INSERT [dbo].[ANSWER] ([ANSWERNO], [QUESTIONNO], [ISCORECT], [DESCRIPTION], [STATUS]) VALUES (38, 10, 0, N'Early north American trappers and settlers.', 1)
INSERT [dbo].[ANSWER] ([ANSWERNO], [QUESTIONNO], [ISCORECT], [DESCRIPTION], [STATUS]) VALUES (39, 11, 0, N'"When will you tell us these stories?"', 1)
INSERT [dbo].[ANSWER] ([ANSWERNO], [QUESTIONNO], [ISCORECT], [DESCRIPTION], [STATUS]) VALUES (40, 11, 0, N'"Why should I tell you these stories?"', 1)
INSERT [dbo].[ANSWER] ([ANSWERNO], [QUESTIONNO], [ISCORECT], [DESCRIPTION], [STATUS]) VALUES (41, 11, 1, N'"Where did these stories come from"?', 1)
INSERT [dbo].[ANSWER] ([ANSWERNO], [QUESTIONNO], [ISCORECT], [DESCRIPTION], [STATUS]) VALUES (44, 12, 0, N'it creates the lively feeling of a barn dance', 1)
INSERT [dbo].[ANSWER] ([ANSWERNO], [QUESTIONNO], [ISCORECT], [DESCRIPTION], [STATUS]) VALUES (45, 12, 0, N'it sounds like the waters of a rushing stream.', 1)
INSERT [dbo].[ANSWER] ([ANSWERNO], [QUESTIONNO], [ISCORECT], [DESCRIPTION], [STATUS]) VALUES (46, 12, 0, N'It imitates animal sounds, such as an owl''s hoot.', 1)
INSERT [dbo].[ANSWER] ([ANSWERNO], [QUESTIONNO], [ISCORECT], [DESCRIPTION], [STATUS]) VALUES (47, 11, 0, N'"Are these stories fact or fiction"?', 1)
SET IDENTITY_INSERT [dbo].[ANSWER] OFF
GO
SET IDENTITY_INSERT [dbo].[CATEGORY] ON 

INSERT [dbo].[CATEGORY] ([CATEGORYNO], [TITLE], [DESCRIPTION], [STATUS]) VALUES (1, N'Mathematics', N'Study of numbers and calculations', 1)
INSERT [dbo].[CATEGORY] ([CATEGORYNO], [TITLE], [DESCRIPTION], [STATUS]) VALUES (2, N'Science', N'Study of natural phenomena', 1)
INSERT [dbo].[CATEGORY] ([CATEGORYNO], [TITLE], [DESCRIPTION], [STATUS]) VALUES (3, N'History', NULL, 1)
INSERT [dbo].[CATEGORY] ([CATEGORYNO], [TITLE], [DESCRIPTION], [STATUS]) VALUES (4, N'Literature', NULL, 1)
INSERT [dbo].[CATEGORY] ([CATEGORYNO], [TITLE], [DESCRIPTION], [STATUS]) VALUES (5, N'Physical Education', NULL, 1)
INSERT [dbo].[CATEGORY] ([CATEGORYNO], [TITLE], [DESCRIPTION], [STATUS]) VALUES (6, N'Chemistry', NULL, 1)
INSERT [dbo].[CATEGORY] ([CATEGORYNO], [TITLE], [DESCRIPTION], [STATUS]) VALUES (7, N'Astronomy', NULL, 0)
INSERT [dbo].[CATEGORY] ([CATEGORYNO], [TITLE], [DESCRIPTION], [STATUS]) VALUES (8, N'Geology', NULL, 1)
INSERT [dbo].[CATEGORY] ([CATEGORYNO], [TITLE], [DESCRIPTION], [STATUS]) VALUES (9, N'Art', N'The expression or application of human creative skill and imagination, typically in a visual form such as painting or sculpture, producing works to be appreciated primarily for their beauty or emotional power.', 1)
SET IDENTITY_INSERT [dbo].[CATEGORY] OFF
GO
INSERT [dbo].[ENROLL] ([USERNAME], [SUBJECTNO]) VALUES (N'admin               ', 1)
INSERT [dbo].[ENROLL] ([USERNAME], [SUBJECTNO]) VALUES (N'giabao              ', 1)
INSERT [dbo].[ENROLL] ([USERNAME], [SUBJECTNO]) VALUES (N'giabao              ', 3)
INSERT [dbo].[ENROLL] ([USERNAME], [SUBJECTNO]) VALUES (N'giabao              ', 5)
INSERT [dbo].[ENROLL] ([USERNAME], [SUBJECTNO]) VALUES (N'giabao              ', 9)
INSERT [dbo].[ENROLL] ([USERNAME], [SUBJECTNO]) VALUES (N'qvinh               ', 1)
INSERT [dbo].[ENROLL] ([USERNAME], [SUBJECTNO]) VALUES (N'qvinh               ', 2)
INSERT [dbo].[ENROLL] ([USERNAME], [SUBJECTNO]) VALUES (N'qvinh               ', 3)
GO
SET IDENTITY_INSERT [dbo].[HISTORY] ON 

INSERT [dbo].[HISTORY] ([HTRNO], [USERNAME], [TESTNO], [SUBJECTNO], [QUESTIONNO], [ANSWERNO]) VALUES (4, N'giabao              ', 1, 1, 2, 3)
INSERT [dbo].[HISTORY] ([HTRNO], [USERNAME], [TESTNO], [SUBJECTNO], [QUESTIONNO], [ANSWERNO]) VALUES (5, N'giabao              ', 1, 1, 4, 15)
INSERT [dbo].[HISTORY] ([HTRNO], [USERNAME], [TESTNO], [SUBJECTNO], [QUESTIONNO], [ANSWERNO]) VALUES (6, N'giabao              ', 1, 1, 3, 16)
INSERT [dbo].[HISTORY] ([HTRNO], [USERNAME], [TESTNO], [SUBJECTNO], [QUESTIONNO], [ANSWERNO]) VALUES (7, N'giabao              ', 2, 1, 2, 3)
INSERT [dbo].[HISTORY] ([HTRNO], [USERNAME], [TESTNO], [SUBJECTNO], [QUESTIONNO], [ANSWERNO]) VALUES (8, N'giabao              ', 2, 1, 4, 15)
INSERT [dbo].[HISTORY] ([HTRNO], [USERNAME], [TESTNO], [SUBJECTNO], [QUESTIONNO], [ANSWERNO]) VALUES (9, N'giabao              ', 2, 1, 3, 16)
INSERT [dbo].[HISTORY] ([HTRNO], [USERNAME], [TESTNO], [SUBJECTNO], [QUESTIONNO], [ANSWERNO]) VALUES (12, N'vuhuy               ', 1, 1, 5, 34)
INSERT [dbo].[HISTORY] ([HTRNO], [USERNAME], [TESTNO], [SUBJECTNO], [QUESTIONNO], [ANSWERNO]) VALUES (13, N'vuhuy               ', 1, 1, 6, 23)
INSERT [dbo].[HISTORY] ([HTRNO], [USERNAME], [TESTNO], [SUBJECTNO], [QUESTIONNO], [ANSWERNO]) VALUES (14, N'vuhuy               ', 1, 1, 7, 45)
INSERT [dbo].[HISTORY] ([HTRNO], [USERNAME], [TESTNO], [SUBJECTNO], [QUESTIONNO], [ANSWERNO]) VALUES (15, N'giabao              ', 3, 1, 3, 16)
INSERT [dbo].[HISTORY] ([HTRNO], [USERNAME], [TESTNO], [SUBJECTNO], [QUESTIONNO], [ANSWERNO]) VALUES (16, N'qvinh               ', 1, 1, 4, 11)
INSERT [dbo].[HISTORY] ([HTRNO], [USERNAME], [TESTNO], [SUBJECTNO], [QUESTIONNO], [ANSWERNO]) VALUES (17, N'qvinh               ', 1, 1, 7, 24)
INSERT [dbo].[HISTORY] ([HTRNO], [USERNAME], [TESTNO], [SUBJECTNO], [QUESTIONNO], [ANSWERNO]) VALUES (18, N'qvinh               ', 1, 1, 11, 39)
INSERT [dbo].[HISTORY] ([HTRNO], [USERNAME], [TESTNO], [SUBJECTNO], [QUESTIONNO], [ANSWERNO]) VALUES (19, N'qvinh               ', 1, 1, 8, 28)
INSERT [dbo].[HISTORY] ([HTRNO], [USERNAME], [TESTNO], [SUBJECTNO], [QUESTIONNO], [ANSWERNO]) VALUES (20, N'qvinh               ', 2, 1, 6, 19)
INSERT [dbo].[HISTORY] ([HTRNO], [USERNAME], [TESTNO], [SUBJECTNO], [QUESTIONNO], [ANSWERNO]) VALUES (21, N'qvinh               ', 2, 1, 10, 36)
INSERT [dbo].[HISTORY] ([HTRNO], [USERNAME], [TESTNO], [SUBJECTNO], [QUESTIONNO], [ANSWERNO]) VALUES (22, N'qvinh               ', 2, 1, 8, 28)
INSERT [dbo].[HISTORY] ([HTRNO], [USERNAME], [TESTNO], [SUBJECTNO], [QUESTIONNO], [ANSWERNO]) VALUES (23, N'qvinh               ', 2, 1, 11, 39)
INSERT [dbo].[HISTORY] ([HTRNO], [USERNAME], [TESTNO], [SUBJECTNO], [QUESTIONNO], [ANSWERNO]) VALUES (24, N'qvinh               ', 3, 1, 5, 15)
INSERT [dbo].[HISTORY] ([HTRNO], [USERNAME], [TESTNO], [SUBJECTNO], [QUESTIONNO], [ANSWERNO]) VALUES (25, N'qvinh               ', 3, 1, 7, 24)
INSERT [dbo].[HISTORY] ([HTRNO], [USERNAME], [TESTNO], [SUBJECTNO], [QUESTIONNO], [ANSWERNO]) VALUES (26, N'qvinh               ', 3, 1, 12, 44)
INSERT [dbo].[HISTORY] ([HTRNO], [USERNAME], [TESTNO], [SUBJECTNO], [QUESTIONNO], [ANSWERNO]) VALUES (27, N'qvinh               ', 3, 1, 11, 40)
INSERT [dbo].[HISTORY] ([HTRNO], [USERNAME], [TESTNO], [SUBJECTNO], [QUESTIONNO], [ANSWERNO]) VALUES (28, N'qvinh               ', 4, 1, 4, 11)
INSERT [dbo].[HISTORY] ([HTRNO], [USERNAME], [TESTNO], [SUBJECTNO], [QUESTIONNO], [ANSWERNO]) VALUES (29, N'qvinh               ', 4, 1, 3, 8)
INSERT [dbo].[HISTORY] ([HTRNO], [USERNAME], [TESTNO], [SUBJECTNO], [QUESTIONNO], [ANSWERNO]) VALUES (30, N'qvinh               ', 4, 1, 9, 32)
INSERT [dbo].[HISTORY] ([HTRNO], [USERNAME], [TESTNO], [SUBJECTNO], [QUESTIONNO], [ANSWERNO]) VALUES (31, N'qvinh               ', 4, 1, 6, 19)
INSERT [dbo].[HISTORY] ([HTRNO], [USERNAME], [TESTNO], [SUBJECTNO], [QUESTIONNO], [ANSWERNO]) VALUES (32, N'qvinh               ', 5, 1, 5, 16)
INSERT [dbo].[HISTORY] ([HTRNO], [USERNAME], [TESTNO], [SUBJECTNO], [QUESTIONNO], [ANSWERNO]) VALUES (33, N'qvinh               ', 5, 1, 4, 13)
INSERT [dbo].[HISTORY] ([HTRNO], [USERNAME], [TESTNO], [SUBJECTNO], [QUESTIONNO], [ANSWERNO]) VALUES (34, N'qvinh               ', 5, 1, 10, 38)
INSERT [dbo].[HISTORY] ([HTRNO], [USERNAME], [TESTNO], [SUBJECTNO], [QUESTIONNO], [ANSWERNO]) VALUES (35, N'qvinh               ', 5, 1, 6, 21)
INSERT [dbo].[HISTORY] ([HTRNO], [USERNAME], [TESTNO], [SUBJECTNO], [QUESTIONNO], [ANSWERNO]) VALUES (36, N'qvinh               ', 6, 1, 10, 36)
INSERT [dbo].[HISTORY] ([HTRNO], [USERNAME], [TESTNO], [SUBJECTNO], [QUESTIONNO], [ANSWERNO]) VALUES (37, N'qvinh               ', 6, 1, 2, 4)
INSERT [dbo].[HISTORY] ([HTRNO], [USERNAME], [TESTNO], [SUBJECTNO], [QUESTIONNO], [ANSWERNO]) VALUES (38, N'qvinh               ', 6, 1, 12, 45)
INSERT [dbo].[HISTORY] ([HTRNO], [USERNAME], [TESTNO], [SUBJECTNO], [QUESTIONNO], [ANSWERNO]) VALUES (39, N'qvinh               ', 6, 1, 6, 19)
INSERT [dbo].[HISTORY] ([HTRNO], [USERNAME], [TESTNO], [SUBJECTNO], [QUESTIONNO], [ANSWERNO]) VALUES (43, N'giabao              ', 4, 1, 3, 7)
INSERT [dbo].[HISTORY] ([HTRNO], [USERNAME], [TESTNO], [SUBJECTNO], [QUESTIONNO], [ANSWERNO]) VALUES (44, N'giabao              ', 4, 1, 11, 41)
INSERT [dbo].[HISTORY] ([HTRNO], [USERNAME], [TESTNO], [SUBJECTNO], [QUESTIONNO], [ANSWERNO]) VALUES (45, N'giabao              ', 4, 1, 10, 35)
INSERT [dbo].[HISTORY] ([HTRNO], [USERNAME], [TESTNO], [SUBJECTNO], [QUESTIONNO], [ANSWERNO]) VALUES (46, N'giabao              ', 4, 1, 4, 13)
INSERT [dbo].[HISTORY] ([HTRNO], [USERNAME], [TESTNO], [SUBJECTNO], [QUESTIONNO], [ANSWERNO]) VALUES (47, N'giabao              ', 5, 1, 7, 24)
INSERT [dbo].[HISTORY] ([HTRNO], [USERNAME], [TESTNO], [SUBJECTNO], [QUESTIONNO], [ANSWERNO]) VALUES (48, N'giabao              ', 5, 1, 5, 16)
INSERT [dbo].[HISTORY] ([HTRNO], [USERNAME], [TESTNO], [SUBJECTNO], [QUESTIONNO], [ANSWERNO]) VALUES (49, N'giabao              ', 5, 1, 10, 36)
INSERT [dbo].[HISTORY] ([HTRNO], [USERNAME], [TESTNO], [SUBJECTNO], [QUESTIONNO], [ANSWERNO]) VALUES (50, N'giabao              ', 5, 1, 3, 8)
INSERT [dbo].[HISTORY] ([HTRNO], [USERNAME], [TESTNO], [SUBJECTNO], [QUESTIONNO], [ANSWERNO]) VALUES (51, N'giabao              ', 6, 1, 3, 9)
INSERT [dbo].[HISTORY] ([HTRNO], [USERNAME], [TESTNO], [SUBJECTNO], [QUESTIONNO], [ANSWERNO]) VALUES (52, N'giabao              ', 6, 1, 6, 20)
INSERT [dbo].[HISTORY] ([HTRNO], [USERNAME], [TESTNO], [SUBJECTNO], [QUESTIONNO], [ANSWERNO]) VALUES (53, N'giabao              ', 6, 1, 8, 30)
SET IDENTITY_INSERT [dbo].[HISTORY] OFF
GO
SET IDENTITY_INSERT [dbo].[QUESTION] ON 

INSERT [dbo].[QUESTION] ([QUESTIONNO], [SUBJECTNO], [DESCRIPTION], [STATUS]) VALUES (2, 1, N'My faither gave my sister and ____ a gift', 1)
INSERT [dbo].[QUESTION] ([QUESTIONNO], [SUBJECTNO], [DESCRIPTION], [STATUS]) VALUES (3, 1, N'Jane, together with her sisters, _____________ going to the concert tonight.', 1)
INSERT [dbo].[QUESTION] ([QUESTIONNO], [SUBJECTNO], [DESCRIPTION], [STATUS]) VALUES (4, 1, N'Neither the men nor the woman ______ good at swimming.', 1)
INSERT [dbo].[QUESTION] ([QUESTIONNO], [SUBJECTNO], [DESCRIPTION], [STATUS]) VALUES (5, 1, N'By the time she arrives, we ______________ our dance practice.', 1)
INSERT [dbo].[QUESTION] ([QUESTIONNO], [SUBJECTNO], [DESCRIPTION], [STATUS]) VALUES (6, 1, N'Gabe can still recall those days when he and his brothers often _________ together in the playground near their old house.', 1)
INSERT [dbo].[QUESTION] ([QUESTIONNO], [SUBJECTNO], [DESCRIPTION], [STATUS]) VALUES (7, 1, N'Playing sports such as tennis and basketball ________ not only mental ability but also physical strength.', 1)
INSERT [dbo].[QUESTION] ([QUESTIONNO], [SUBJECTNO], [DESCRIPTION], [STATUS]) VALUES (8, 1, N'Sue didn''t turn up for the competition, ____ she?', 1)
INSERT [dbo].[QUESTION] ([QUESTIONNO], [SUBJECTNO], [DESCRIPTION], [STATUS]) VALUES (9, 1, N'With the implementation of the Electronic Road Pricing system, one would expect to find _______ cars on the road.', 1)
INSERT [dbo].[QUESTION] ([QUESTIONNO], [SUBJECTNO], [DESCRIPTION], [STATUS]) VALUES (10, 1, N'The stories to be told in "The Song of Hiawatha" are taken from what sources?', 1)
INSERT [dbo].[QUESTION] ([QUESTIONNO], [SUBJECTNO], [DESCRIPTION], [STATUS]) VALUES (11, 1, N'Line 1 of the prologue to "The Song of Hiawatha," what is the meaning of the question "Whence these stories"?', 1)
INSERT [dbo].[QUESTION] ([QUESTIONNO], [SUBJECTNO], [DESCRIPTION], [STATUS]) VALUES (12, 1, N'How does the prologue''s repetitive, insistent meter set the mood for "The Song of Hiawatha"?', 1)
SET IDENTITY_INSERT [dbo].[QUESTION] OFF
GO
SET IDENTITY_INSERT [dbo].[SUBJECT] ON 

INSERT [dbo].[SUBJECT] ([SUBJECTNO], [TITLE], [DESCRIPTION], [CATEGORYNO], [STATUS], [IMAGE]) VALUES (1, N'ITE302c', N'Ethics in IT', 2, 1, N'data:image/jpeg;base64,/9j/4AAQSkZJRgABAQAAAQABAAD/2wCEAAkGBxIQEBUQEhEQFRUXGBAYEhIWEREYEBAWFhUWFhUXGBcZHSgjGBslGxYWITEhJykrLi4uFx8zODMtOCgtLisBCgoKDg0OGxAQGysmICYtLS0vKy0rLS0tLy0tLy0tLS0tLS0rLS0tLS0tLS0tLS0tLS0tLS0tLS0tLS0tLS0tLf/AABEIAKMBNgMBEQACEQEDEQH/xAAbAAEAAgMBAQAAAAAAAAAAAAAABQYDBAcCAf/EAEMQAAIBAgMDCAUJBwMFAAAAAAABAgMRBBIhBQYxE0FRYXGBkbEiMlJyoRQVNEJTkrLB0QcWM2KCotJD4fAjJHOj8f/EABsBAQADAQEBAQAAAAAAAAAAAAADBAUCAQYH/8QAMBEBAAIBAwMDBAIABQUAAAAAAAECAwQRMRIhURMzQRQiMmEFcSNCUoGhFTRysfD/2gAMAwEAAhEDEQA/AO4gAAAAAAAAAAAAAAAAAAAAAAAAAAAAAAAAAAAAAAAAAAAAAAAAAAAAAAAAAAAAAAAAAAAAAAAAAAAAAAAAAAAAAAAAAAAAAAAAAAAAAAAAAAAAAAAAAAAAAAAAAAAAAAAAAAAAAAAAAAAAAAAAAAAAPjYFfwm+eCqVeSjVd3JRg3CWSo27LLK1rX53a5XjU45nbdLOG8RvssJYRAAAAAAAAAAAAAAAAAAAAAAAAAAAAAAAAAAAAAAAAAAIrefA1MRhp0qVXk5Nes+Eo/Wi2tUmtLojy0tes1rO0uqWis7ygt0d2oUIZa6pyqKamrJtJxa5O0mle1r26WVNPpZrb7uYT5c8Wr9vyuRfVgAAAAAAAAAAAAAAAAAAAAAAAAAAAAAAAAAAAAAAAAAGLF/w5e7LyPY5eW4RWMxap0pVXe0YuTS46K9u2+hYrXqtFY+eype8UrNp+O6Klv8A0fsa3/r/AMix/wBMyeYVf+r4/wDTP/C1YarnhGdmsyi8r4q6vZmfMbTs1Kz1REsp46APknbVh5M7K7U3hbqxjBLJminJ+tJXs2uhE3pdt5ZFv5PfLFax235btTbsIzcJQmrNpvR8HbgUZ1FYnaX0ldFe1ItEwkqFaM4qUWmnzk8WiY3hVtWaztLIeuQAAAAAAAAAAAAAAAAAAAAAAAAw4jFQpq85xjfhd2udVrNuIc2vWvMsHztQ+1h4nXpX8S49bH5g+dqH2sPEelfxJ62PzB860PtYeI9K/iT1sfmHujtGlNqMakG3wV9WeTjtEbzD2MtJnaJe8RjKdO2ecY34XerPK0tbiHtr1rzLD860PtYeJ16V/EufWx+YaW2tpxlhqqoVqfKuE+Tu1bNZ2WunE9jFffiXk5qbcw5Tid68VWi6c3mUrKUFTUZXUk+EVe91Ynx2ilott3hVy0nJSa79pZ9gunVrwo4iNakp5rT9WOib1Uo3s7Wunzlu+ty8RVTr/HYuZs7Bh8bSm8sJwb6E9bGXalq95hs1vSe1ZZqtSMU5SaSXFt2SOYiZ7Q6mYiN5anzvQ+1h8Tv0cnhH6+Py942DrUZRhKPpKyle8bPjquq5zH2z3eZqzkxzWs8qpPZii2nXpJptP19Gu49nVY47Sza/wOpmN4ZNpSUqjlFppqLbV7Xsr/Ey80xN94faaSt64orfmGxsHaEacpRlJKLV+rMrfl5FvTYc3+mdlDX58E7bWjeFkw2KhUV4SjK3Gz4dvQWLVmvMKFb1txLK2cumlLbFBacrHuu14ok9G/hF6+Py2cPiIVFmhJSXSmcWrNZ2l3W0WjeJZTx0AYq+IhBXnKMe1peZ7FZnhza0V5lpy25h1/qLujN+SJIwZJ+Ec6jHHy+w21h3/qrvUl5oTgyR8EajHPy3aVaM1eMoyXSmmvgRzExyli0Tw9nj0bA0a216ENHVj3Xl+G5JXDe3EIrZ8ccy8Q25h3/qeMZrzR7ODJ4cxqMflu0a0Zq8ZRkulNNfAjmJjlNFonhkPHoAAAAAACE2jTjWqNTjfJotZLjGMnwfX8Dj17452rLy2Gl+9oYaeyaPsf3T0+J3GsyzHLj6TF4Q21sPGnUyxVlZaXbtp1l/SZrZKz1fChqsVcdo6WmW1Vs7M/j0/fh+JEeb8JS4fchIb1/x17kfxSIdJ+E/2m1n5/7IYtKgBX95sFGKWJgss1KF2uD6G10p21IM1Yj7oWMNpn7ZZ9pU3Kthq64XjF9Wazj+fwPbx3rZ5SdotVat3vpMP6/wSPNT7cvdN7kJ7ej6O/eiU9N7kLmq9tUDTZa57ufRof1/jkZeo9yWtpvbhF7dwLhN1Erxlq37L57mXnxzE9UN7R6iJr0TzCKIK8rtvxlqn18cPz+eU9uj68/dj5lPWcQuaLmVg2j/AAanuT/CynT8oXcn4yoJsMVZd0OFTth5Mo6zmGhouJWEprqB25tt026VO2b60vZ6l1/87LWDT9X3W4U8+o6ftryrFSbk80m23xbd2y/EREbQz5tMzvL4evADJh6k4yTg2paJW4t8y6zm9azH3O6WtE/av6laN5NaL0nzcNTH+ezZ32jupu1trSryaTahzR6euXT2GnhwRSN55ZebPN52jhHE6uAbOzpzjVjybak3Fdt3wfSiPLFZpPUlxTaLx0r6ZLYAAAABWsTsRyxrxEuUd3TcFmfJxUUlfqejdusz8uK85otC5jzVjDNViq1IxWaTSS4ttJLvZoKan1N4qFTFSo0p58zvKpFrkoRjCN3m+tdpLTp4kGbFaYmXWPJWJ2TNPF00vXj4nFY2h3M93vBYenWlOTjCa9BRk0muGtn4FjFe1Y7ShyUrbmG3810Psaf3US+rfzLj0aeIe6WApReaNOCa4NRV0eTktPaZexjpE7xD1XwlOpbPCMrcLpOwra1eJe2pW3MMXzXQ+xp/dR76t/MufRp4hVNu0owryjFJJZbJKyXoo0NPMzTeWbqKxGTaGhHAxxDVCd8s2otrir8GutOz7jvL+EucP5ws2x9i03hIUakI54Lk5zUcsnKk8udXV9XFSV+Ka4pmb6t/LTjFTwl8NgadOzjCKdrZssVJ+COZva3Muq4614ho70fR370SXTe4h1XtqgabLXPdz6ND+v8AHIy9R7ktbTe3CTIU7EsPBO6hBPpUVfxPIrG/D2b2mNt3PY8Dbhgp/dH15+7HzKes4hd0XMpnaNbjT5nFpvn1utCvipv3Wct9vtQ0dmUl9Vvtk/yLfqWU/Sqk9kUlCTUUkmrvrtw8yvnneN5WcEbTtDc2lieSpSnzpadr0XxZDjr1WiE2W/RWZUJu7u9W+L52zXiNo2Y8zukdi7M5eTu2oRtmfO30Igz5vTjtynwYfUnvwtVHZlGCsqcO1xTfizPnJeeZaNcVK8QVdmUZcaUO6KT8UIy3jiScVJ5hr4TYlKlU5RZn7Kbuo9a/3O7572rtLimnpW3VD1vBPLhptc+VeMkn8GeYI3yQ91E7Y5Uo1WQsW7WApzg6k4qTzNJPVJJJ8OnUpanJaLdML+lxVmvVKbngKTVnSp/ciVIvaPlbnHSfhhwuyaVKeeMXfmu21Hptc6vmvaNplxTBSs7xDPjMTycb9vw4nNKdU7JLW2hqYLaed2a6uy/AlyYemHFcm6TIEoBQP2g73zoT+SYeWWdk61RWzQurqEeiTVm3zJq2ruu6137or327QgNjb5SpUFGpKc5wnNxk5ScqsZUqtlOT1dqrhx5mugk2RborYO6+Jx9501DKpNTqzlZZrKUtEm27ST4c/E8m0Q6isyuNTdyngIwhGTnOSbqVGrZmmrJL6sV0FnSz1b7q2qjp22YpcCz0V8KvVPla1vPS9ir4Q/yKP0l/00I1lP2fvPS9it4Q/wAh9JfzB9ZT9t3Zu1YV21FSTVnaSWq6rNkWTDbHylxZq5OG+RJgCl7x/SZ/0fhRpab22Vqvclr7K/j0/fj5kmb8JcYPchfDJbABEb0fR370SfTe4rar21QNNlp/ZO3KdGjGnKNRtZrtKNtZN876yll09r3m0L2HU1pSKy3P3mpezV8If5Ef0l/0l+sp+z95qXs1fCH+R79Jf9PJ1dP2qaNBmp/dH15+7HzKes4hd0XMpLG3ztvRdPNZIjxTHSly79TV5ePtR+8iXaUXVDe2VJNyaadkuDT4/wDwgzfCfB3mWtvZO1GK6ZrwSb87Hukj793Osn7NlUNFmrnu7Sy4eL55ZpPvenwSMvUTvklraau2OGvj94oUpumoSk1xd0kn0dZn5NVWlunZFl1lcdunbdio70wckpU5RTds107dxzXWVmdtnNdfSZ2mFgLi81NrYd1KM4Li1p1taryO8Vum8Sjy16qTCiGuxm1s/aE6ErxtZ+tF+q/9yPLirkjulxZbY57LJgt4KVSyleEuvWL7/wBbFG+mvXjuv49VS3aeyTp4iMnZSTZDNZjlYi0Sw7QoOcfRtdcE+D6TrHaKz3c3rvHZo7PwVRS9KMYpO/FXb7ibLkrMdkdKTv3TJVTgHLMZsKdDaM8RjMPUr4ec6ss9NSnGOdvK5xSvaKsrdSs3azk37dkMxtO8qftLBOhVlSd2k/Qk168HrCffGzO62iYcWrMS65+zfDqGzqbXGbqyl1vO4r+2MfAitymp+Jvd69P3ZeaLmj+VPWcwgC4ovfJS9mXgzzqr5ddNvByUvZl4MdVfJ028JzdOjJVJycWlltdprVtP8ipq7RMRELmjrMTMys5RXwDm+Oxs6tWpKTgmm+a11HRJdyNOLRhrWIiZ3UYxetNpmYjZn2DUcq1Nv24+aJM8fZP9K+KNskOgmQ1ny4EHvHi4SpSgneSlG+jto9dTjS63B9R6fV3carBf0erbsrVKi5cPHmL2t/ksOkj7+Z+I5UNNo8mon7ePL5UpOLtb9CXSazHqccZKONRp74b9FnnK+h+BZ6o8oOmfBlfQ/AdUeTpnw+HrxIbt42UKmlNyUmot3tltK1+Fu4+V1H8xkyan0YxTtE7bt3TaKKY/U6uYWnaVO8Jt80Klu1xZp457xH7RZI3iZ/Simux1m3Q4VO2HkyjrOYaGj4l63u/hw95+R5pPyn+nus/GFYL7OXnYr/7en7qMnL+ctjD7cKDvHVlTxNSfGGaSmueOukkYmbvklj6jvlt/bRoU5Tlys9LX5OHsrpfWyLhC6ybj6MAr+2Ng526lK13rKHBN9KfMy3h1PT9tlPPpuqeqquVqMoPLKLi+hqzL1bRaN4lQtWaztJQqZZKVr2adhaN42KW6bRKUw21IU55sreqb14Ln82QXxTauy3GorE7rbCaaTTumk0+lPgZs9l+J37vQegAABw3fLFSrY6u221Cc4LogoyyeGa/fIlpWKx2QXtMy6d+zusp7Oo2SWXlItLpVSWva1Z95xblJTh43u9en7svNFzR/KnrOYV+XAuTwpQ6MjFbccPoegAABz6ivW9+pzfzP+V+ZX19v8X/aP/uWZPMvWxvpEf8AyrzXUjYr/wBtH/i5x+7C9Yq+SWXjZ27bGVn6vTt087dmvTbqjfhAYTaE4PVuUedN3fcfN6XXZsU953j5hpZcFLR27S1ayu5dbfxuVpv05JyR8Tuk6d6dM/MPEYKMf+eJJmvk1OXrt3tbiHOOtMNOmOI5WDYLToKS53P4Sa8kj6fTaX6bHGOefn+2XbN609cJEncvjDyeHOY8Dahhp/d+k8udq6veKvZtrj3GRqNJj9XrjlrabU3jH0zwnMVVU6FRr2Knanld0+sUja0O7zvSVGUHbNbS6V+t3f5Gt1Rv0/LH2nbfbssm6HCp2w8mUtZzC/ouJbO9NK9C/syi/G8fzRHpZ2u71cb491RNJmLduxiFKjk54Nrubun8Wu4zdVXa+/lp6W+9NvD1jtgUq03NucW+OVxs+vVMz8mmped5Mmkx5LdUsVHdmjGSlepK2tm45X22SOY0lIndzXRY6zv3TSLS4+gAMdehGayyipLoauexaY7w5tWLRtKrbe2QqKVSF8rdnF/VfNZ9Ghf0+eb/AGyz9Rgin3VQxaVFjwuKn8mppPgpa9kmvJFGaV9Sd2jjvPpQlNlVpSVpa6IgzViJ7LGO0zy3yJIAAOXbs7F+WT2nJ/XdenTk+GedWVS/dKNNkkztshrG+6Z/ZNVfyWrTd041no+Mbwhp4qR5fl1j4SO93r0/dl5ot6P5VNZzCvtFyVJaVvPT+zqf2/qZ/wBJbzDQjWV8S+/vPT+zqf2/qPpLeYPrK+JZMLvDTnOMMs1maSby2u+HBnN9Nasbu6aqtp22TJXWQDk+LqyVSaUmvSnzvp7DYjFS0RMxHDKvzKT3bd6tNv7SPmjzPERjmI8PMfuVdFMhrInaOzlrUi1F8Wn6r/QyNX/HdVvUxdp8fErWLUbR024RkIxacrq2l1fXn0XU+ko00kdNrTHG3b9+I/tPbLO8V/5RmNrtu3Bef+x9F/E/x1af4+Tvaf8Ahj/yOqtP+FXtH/tad3Po0P6/xyLOo9yTTe3CTIU4w8nhziPA2oYazbDnegkuZyT8b/mUs0fevYJ+xmryUYzm5qNNxlyt+CVrN9TIflL8SqENq0q8pQpS9GL0jrfoza8S1ipTrm/+aVXLa/TFP8q07ocKnbDyZFrOYT6LiU3i6CqQlB8JJrs6ypW3TMTC3evVWYlQq9GUJOElZp2ZsVtFo3hjWrNZ2llwOMlRnng+1c0l0M5yY4vG0useSaTvCxUd5qbXpQnF9VmvG/5FK2kvHC9XWUnl8rbzU16sJt9dkvz8hGkv8ltZX4hHreOrnUmo5eeCXFdr5yadJXp/aH6u3V+k/tHaCpUeVVne2Tok2rrutr3FPHjm9ulcyZYpTqV7C7w1Yv07TXQ7JrsaLt9LWY7dlKmrvE9+6VhvLRa1jUT6LJ/mV50t1iNXT9onbW2OXShGLUU762vJ8Fw4IsYMHRO8q2fUepG0cIksqq6YHZ0Xh6cJx1SvzpxctX5mXfLPXM1a+PHHpxEt3DYaNNWirL4sjtabTvKWKxHDKcvQABA7l7OeHwzzK06lStUknx9KbUf7FE9mXNY2h82Ls35NjcVayhW5KrBXXrXmqytx9Zxd/wCdCZ3giNplj3rw85ShKMZNWknZN2d1xsW9LeI33lU1dLTtMQgfk0/s5/cl+hc9SvlS9O3iT5NP7Of3JfoPUr5PTt4k+TT+zn9yX6D1K+T07eJbGzcJUdan6E9Jwbbi0kk03r3EeXJXonukxY7dcdl5MtrAHK8ZhKnKT/6dT1p/UfSbNMlemO8Mu1bbz2Su7WEqcpD0Jq0023FpJLXiR6jJXonu9xUt6kdl/MppvFaN4tdTPJewhnBdC8EcbJN0JtSEpVXaMmlZK0X2+bZqaaa1xx3ZGq6rZJ2hZ9g0pQw8IyTT9LR8VeTa+DKme0TeZhcwVmMcRKQIkwwS59LC1I6OE01/KzXjJWY5Ys47RPCS2W6lGlWq8lVmoxUlBK0ptXvlvx0/4ytqL13jZa09Ld93Od4tuV8XLNNTjC94UYqWSPNd+1L+Z91uBB2T92pLExSg6dGtTqQ+utc/S3ouvu0JOuvxyj6LfPC/bmb24eEXHET5KcnGylCahK17tStZcVo2cZ79e0u8FejfdesHiuUz2TSjNwUnwnZLM11KTlH+lldaau1tkRrq98s1wl09TRNizTj/AKQZsEZP7VjE7JrU+MG10x9JfDXxL1M9LfLPvgvX4acotcU12kvVCLaX2FOUuEZPsTfkJtEcy9iszxCQwmw61R6xyLnctPhxIb6mleO6ammvbnsseM2VGpQjRu1ly5ZdaVteko0yzW/Uv3wxanSrGK2PWp8YOS6Y+kvhr8C/XUUt8s++nvX4aUotcU12qxLFon5QzWY+HqlRlPSMZS7E2eTescy9ilp4hP7H2C1JVKqStrGHHXmcv0KebU7x01XcGmmJ6rrIU14AAAPNWClFxd7NNOzadnpo1qu1AfKNKMIqEYqMYpKMUrRikrJJcysB8nRi3GTim43yu2sbqzs+a6AyAAAAAAAAAAAAAAAAAAAAAAAAAAAAWAAAAAAAAAAAAAAAAAAAAAAAAAAAAAAAAAAAAAAAAAAAAAAAAAAAAAAAAAAAAAAAAAAAAAAAAAAAAAAAAAAAAAAAAAAAAAAAAAAAAAAAAAAAAAAAAAAAAAAAAAAAAAAAAAAAAAAAAAAAAAAAAAAAAAAAAAAAAAAAAAAAAAAAAAAAAAAAAAAAAAAAAAAAAAAAAAAAAAAAAAAAAAAAAAAAAAAAAAAAAAAAAAAAAAAAAAAAAAAAAAAAAAAAAAAAAAAAAAAAAAAAAAAAAAAAAAAAAAAAAAAAAAD/2Q==')
INSERT [dbo].[SUBJECT] ([SUBJECTNO], [TITLE], [DESCRIPTION], [CATEGORYNO], [STATUS], [IMAGE]) VALUES (2, N'SWR302', N'Software Requirement', 1, 0, N'data:image/jpeg;base64,/9j/4AAQSkZJRgABAQAAAQABAAD/2wCEAAkGBxMTEhUSExMWFhUXFhgYFRcYGBgXFxUVFRgYFxUXFRUYICggGBolHRUXITEhJSkrLi4uFx8zODMsNygtLisBCgoKDg0OGxAQGy0lHyUtLS0tLS0tLy0tLS0tLS0tLS0tKy0tLS0tLS0tLS0tLS0tLS0tLS0tLS0tLS0tLS0tLf/AABEIAKkBKgMBIgACEQEDEQH/xAAbAAACAwEBAQAAAAAAAAAAAAADBAECBQYAB//EAEkQAAIBAgQDAwgHBAcIAgMAAAECEQADBBIhMUFRYQUTIgYyUnGBkaGxFCNCYsHR8DNy0uEVQ1NUkpOyJIKio8LT4vEHs2Nzg//EABoBAAMBAQEBAAAAAAAAAAAAAAECAwAEBQb/xAArEQACAgIBBAEDAwUBAAAAAAAAAQIRAxIhEzFBUQRhofAicZEUMlKB0QX/2gAMAwEAAhEDEQA/APj5WoyUfLUhK+gWJHHuL5a9lp5re2+w4165a0Gh259TWeEHUEgK9ko5t9KrkodMO4EpUFaZW3OkGaIcI3omg8Nm3EcteyVu9h9ji7cKOHELIy5ZPjRDq2mgfN/u1sWfJxA9oHDXGz3Sj5r6+EKyiQEVSdGmJ4VN40gPKkcVkqrJXQdtWgiW07i3bYorPlzs0lrkDMztplC7Vjhd/V+VJLCmOp2LCrLM71crUxSLENsBK15lo5WpddBp+pNboG2F2FQRR7o1OnGvZfDt9ofEH8qR4u4VIFk8M9Y+E0OKbK/Vf/0/6aXipOHIbKxXoprA2wWMiYVjrzAMVseTPZv0i8LeVJJjWr4vivJ2J5MygnJ+DnctdHgu07mCtWmsHLcuhnuPAJyyVt21J22znqy8qf8AK3sEYfIU7plYGCNNRoRBg8fjWj5JdlYPG2fo1+LeJ86y6tBZdRlCkkNBXaJg6bVR/GeN9yK+TCeNT8Gr/wDGHay3FNoi2txVEZVClkWFJdhBZiYOvPoav/8AK/YqthxioGe2yqW18Vtzlg84Ygj1msHtTsb+i1R81prx2UXGzoYcC6sAEoQSIO3MkyK9v+Vd7EYJbF0IGbuySJzFEmWuci7ZSBGwPMU9XHVk6byKcOxw2WpC0yLHUfH8qrkqawHXuAivRR8leydKPRNsAivZaLlr2Wh0TbAstTlouSpCDlTLCbYDlr2Wj5K9ko9AG6AZasFouSri3W6Adx/6NXhhzWzZsjxabDiAeI4UWzaBIBCwTHmgV6ep5T+QY62mHEfCrfRydyPhWgMHUHDRWoTrpmccEeYr30Q8xWj3A60yvZTwSbdzp4T+uFB0g9dmRZwpzDUfDlQe6P6itm3aUEHU+78682HSNM3w/XCtRuuL9iSLlsaHMzJGhnOFUAyV4kayIrXxT27eJFlrai6l+Qcgyrddll8wvREhT0jasW9aWIAO5PDjH5UB7Kxx+FTljt2UU7NDyu7La3ijYXJCW7ajJqsBeAaSNSdCawsRg3XePgK7byFwlovLgVt+XFjChBIMyY7ohTHDNmBBNDVRSjy2cq/9FxzdGv8AZ8ia16qstv1VtscL6OI/x2v4KlPohGq4jcfbtdfuUmqvsep1DFfQkQu54n86MbcqNB5pI1PDMefSn8SMGCfBiNz/AFlr+CoxeHW3duWRmPdtcQGQCQpaCRG9GNXRnMyr9vUnMNdffU90e7PiHnr8mqxy8m94/KvOVykAHcHUg7Ajl1pNVdj7AnHgiftk/AUvko5jrVMtSlBFFIP2ehlv3G/0mjdj4x7V5XQwQwj31Ts8DxSQJVgJ2kqQKvhsL4h403H2utXhxrROdNNM0/LLtC5dxBVjoqplGgAlFYwBoNSTWVdVh3ZBghZBBggh2gg8DWr27hAcS/iUaJ9rX9klZ+NUSiggwsEjUTmYx8RTJXHkSDUUlErisTduw924ztMZmbMYAEamqW0JniT7yZo62BkH7x+QqFtg1lCgPIibOGaddoPLkaCbRp1LQPA0yuCHJvbTqJF5qMfuK8cOelar4aOFWwnZrXXW2iyx29mpJ5AAE+ys4JchWcxTYPT31Iw56V3FjyQTQMbxY5NRZbIpuZsu7AkeEEkxAcSBWfjfJ67bXObDm3E95kuBY1HiB1QyI1+Ig1NODN/UI5sYY8x8KuMP1rSSwpzeEaDTfmBxPWr2cIDvyJ91W1Fecy+6NWFg1r9ygHmn3j8qpcs66ch8RW1E69mWcNU9xWj3A6zXu5o6h6xrWXImRM6cOc8ulM29wcu3VfyqBZHX3VdbS9fdVaPIlNFVtnp8K8R0Hupi3ZHM142vWfZQJ7k9mWz31sgDzp4aEbGvHtHFQT31ydNc5nY8Zprsy39bbGskwBG5Owov9B3/ADDactAMCJjUTHKajLVS/UFTfox+2bJ7+7pu7cudJtYaNuXLrW12taXvrm8524jeazrqDYT7Y68vXTx7IrHIIXLbdPhQijdPcKce2KlLI4zTUVWSkBwrXFMrHwomPuXXAzcunM0YYVevuFHW2kANOgidPX+NCibyR22r7HN3LJ6e4VRrZg+scPXW/fw6cAaTu2liII+O0/nQcTrhnsx7l5zPiM68ab8onb6Vf1Md6+k8Mx0ig3rI1pnyhtj6Vf3/AG1z/Uai1ydUZKzG7tv1FeKN+oo5tjr7q1MF5OXHTvGK27fBrhyhv3RuaFUUeWMeWYGU8vlUFDy+VdSvk/h9A2Iefu2mI29cmpHkusnurq3SFJCEFH/wmhQv9VD8Rz3ZdjNetW2Hhe7bVucM4UwfUTTtvH2VYxhF0On1tzgaY7IweXEpnAti06XLpeVyIjqSTrO5AAjUkUjjsP3dxlIU7EEEkMrAMrAg6ggg+2gu9WU2Ui2N7QNy41zu0BMaDMYAAUazroBQ7J+4v/F/FVb1ocOQ+IBr1u2OtVQraoKzFhlCgAGdJ19ck0a1YPL5VW3bXrTNpBTpEJzHuz7OVl5zRu+fgTVcIgzL6+VHtYPmG91E4Jy8srhcNeuFgqs/hMga7gxPtq3Y9s/XLlcsbcBbcBzFxCwXQ8ATtsDWn2XbVRcDKSoXvNZXxWwwGo4Q5/lWU2K+sN0EhyxaYG7Ek6ctdqR3K0aMzffDw90tYxJXvbBjcMgnzRk2y7j5UcdnY1e0DeuNFrvfFcZh3bWSfMgnipy5efvrHTtlNCbClhk1DFVJtlshK67ZuY2A2FJYm+rxIgAQqjZRuY478TqeNSjin5/PuM5Bu1Oxb2Hd1dMoMlNipGYRDcdPbSlnDtPDUHlyrYw/lC/cNh2GdCIXP4jb5FT04cqzgq8z7q6MalVSJymwP0JuXyqbmFI4cBy5UfKIEczuB0rz29vV6uJqiQm7E2t9Kr3dNG0Knux1o0Opmo+FIJ0B15VQ2Tyo9214j6zx61At0fBwbAxZPKrFW5UTL1rxXrQYrYFkPKrXMXd/tHB/fepdRzoLoOfwpXFMeLAi2Tpp64n2072l2cqDwrHiIWWDd4nC4IGg+GvQ0qAOfwp3Htrb8R/Zj/W1JK7RXbgR+jwYOX3H8qIuEmIy+4/lV3uHMfEdzxoqiWH+7x9VNRNyYIYc8VjXlRFwMiYoqcdaJGgjl+JpqIubEsR2c0aAfCsm/hTtlrpGst+hSd3BG6+VdWJPDYcZPKg/qWw5mYOGwYe4qPoDOxCkkKSFDHQSQFk7TU+UeGbvO87sq1wF7iHxd27M2mYDiAGg6jNXQI1qz4bQDPOtxlzRoPNB0G+9AudqXMxyXmUbBTDAwNdYgcTAFcztytHoQzvwjCwWBCWu/uCSf2S8yCJZvug6Rxmnc1y4RdJh40J4HUQByMnYUHE412LgsRK8txIbhoBOsDSvYe0wgIudnGWIOni4fe4e00UvZWTb5ZRMPcuMTb8SgAv4QCvpb8J0B61S3ANwsJbLwEAaiADTFwFB3iyJYAjbWDmB9dM4YsAxOgZJU8CCd2jzaYWU+OAWAxz3otsF7wqVtsyh8y/2d3NIdSRpOxArDv4a9cukuhzTlMLAGUBQAqiFAAAgbAV0dm1nVSXkr4NcoG8g6a8efCmLWLvd5AusLYMbiZ4kkjXWk1p2gr5GtqJzGIwRB1HBeB5DpUW8Ex81Z9Q9n4V164tbnhvBby8ZGS4NgSH2Os10vYHZlm3HFSDlzac4VuR51nkUVyiGT5koLtz9j5Zcw7LoVj2US0h5V3XlfhcNM58hgSFXOAfXmFcsuHw/94f/ACf/ADp45E1fP8FMeV5I2ytksdkHupnI/oD3VASzA+vfc/1Pq+/Uvasf27/5X/nR2/KZKUeQmAU5rkjXubnDpWcbJ9H4VpLctIbhF1mLI6gd2FEtzOY/Ksweumh3bGVot3R9H4VdbJ9GqqvWmUtjn8KoJKVEC2eVGVegotrDg8fhRhZX0vgaxzyyC6qeFeaeIFNd0vP4UNkHCmQmwuR0HuqMtHy17LRGUh4sT9n51Jnl86Hn/UmrZ6BCiwB5VPsqubrRFssQWUMQNyFYgesxSt13BQFj0FBdvuj41dj1oNxutAdIGWj7Hzp7Ed2+TxopC5SDnkEMx4KRxHGs97h9Ie7+VD+kknZD7KWSstGJqfRrUk98m/J/4aOuFSR9cnDg/D/drLtMx2W37wP+qmVsOeC+xx/FS8+xJRHlw4H9Zb/5n8NPYGyhIlk9mf8AFayBhn5H/ED8jTuDwDnxMSg5kEk9FA1Joyqv7jnlFM67F4O0Lc9Br9lp5VyWIui3bcgCXbLy8A1bU+sUzdxVseEm6fZln31j9pYpWARJyiSC+s5tweW1QxY2lTbY0I3O0q/YozWlzBgSoOpQaEjzQCd//dZt+wxJIKxlMKJUxEbH860MQIVVZcrEAlRmnbTjO2vtoD4IFciFZYaglsy66QZjXLTs7sbSM/DXWWR3cnKfPBJUbZhOxqtoMWAHMawdp2A4CncLh7tssvnCBmUklWAYaEDYUx9BtiH7w21BBPnMARqVy7g9dZ99Cy7yIBaw7ILlprbOSBlOjBSOIA3MHTWidmZrWaBqwAZYIJWRoZ1NLrfZQDmkDYidI2J5aRvWkbl0ghn1ceKdsx1UGesUzJSk+wJ0KBoAKsAwZlmAD699SDQLZe6pdLKlVADMAVEcCwPGh2sXcNtkbKykiYHiEHUI2wmOR2pG9cKloJykSFk7Fh5x4kbT0rDRhfD7m4lpZ8K65R52wMy0RrEzV8N2jK3bSkGFzpAYQU3Oo4g1lYGyRb7zNmDSoAbxACJkaQTt76YweOK3FAsGPNPnMSG0MddaDVk3j5fkzr2JdwSwnbnSWbp866C79FHhK3lJ+7x9tLP2KLgzWLocgSUIyOOcD7Xsptl5LQkl4ozVcRBB3nTT9bUXOvoMfb/KlCIMEx769m+986co42NkkknIBP640ZMOeOX3N+ApJCTxPxp42n5NsODchRRKSaCLbA10PqB/Gi249H4fzqvcsFG+54EcqJbWN/xonPIYtcfCPjRAD6Pzr1q4o34/vHj6+lHF1enuP8VazlbfoDGh0/WlCIpq5dH6A5/yoBcfqPypkGNg4qakxzqs01lEFA6H30SB6J94/KlM/WiFtvFw68zSsDiw6xIBB1IG/X1V1Ha/a9yxiVs2zltpkASBBDRM6Txrnux8MHclpKopcgSC0EBVB4SxArtL8B+7uXnF1o81F7tS3mqZUzMcTPqrg+TOKmk1fDLYovV17Rx/lTbVMTdVRAkGOHiUMY9pNYjtXUeUeHYvnOXOWyXPCCMyAQVnYMpUxwoa9jMVmR/hX8qtiyLRWQy5Y45cnKXHqitvx9ppzHAroW1k7COXKlV1+186ujoi042Gw++3A8/RNM2jH2B7qDYHi34Nz5Gj20PX3GsSmza7Msjz2RMoAgFVhmIBgkjbnR8TeuFs5C8Y0SCJ2Bjaq4mxCW18UBAzQD9ocflQr6ZpExrpuIqEUpOzllN9gz5lBKQNNI034+6sa6hMB5OolgdQCddDof500965tOyAajlpxqguFWAcDWIEHj5pEew1SMaQ8LTPC+rDKjEtwzGCeQadD0rPfGZHk2xmAytqRPMaae2j/QWO4IHUan2VGPwdwa3IAAUQwmFA0AG4pdUdMHEoWGrssOwBEkQV1g6EHlFePeZHYeMkFfEQQF0zZRw4ba61S1h0uEqAREeLdV0iYbb3mj3ezlEA3c6gEeE5QTBlszbAE8qXiytpGVZZ0MgEbcIII2nT49aJdxVxrkt4jmJkqGOhniOlM4HDkHUqQNwSSPVrvVO0UyswDlSzHRRoBMnbhtxpuBt05UAz3iSWVRJJ1GWJ6DaqY3EIbeUiWJ0cSAAN9NcwJAHsq1nDK1zuxddxuSAQMvPxE/KtHE2rW+QRAABOZtBEQBQbGclF/wDDCw7MCqzlkQTOg8Rhj0191M3WcBWAJE6Mh0YrvBGo4cqfu3LboE7tPCrHwqZVd87QZMHbWNaVUWmXKrwOAIII5Edf50UFzT5aGLWIyeO2IJGZQCfObqeRn3UoM589vEPEHLEEEbgETqdOFCvXbqBULnQGJWRGYmQSNtd6NgcYAcz5WVfOEEAzsJH5VqoGrXPcc7YwfeWjdg96kZzEZ12nTSRpXPh2HA1t9l40vfRTKgko66yc0gnUaHUadK3cJ5HgqxJ1lgNdTB4Cl2UOGxXm6SqXJxAuv9741dmPGaa7V7Ma25UZj7GpQ2G5Mf8AdaqJosmppNBEamUelUtN6Le40ZWjcweRX+VNaJziPq2g9X4miAn0T8aTTE9V/wANGGKEfY9xo8nPKDGiTA8J268zQyehoLXwfR/4vzqDdH6mihVBhs3Spzjl8aW73rXu860w2g2Lp/svh/KjYfFPPmR4W+z0NAt4skNLA6HgBwJ4AcqpYvyY30bix+yetTfYRw9o1Oze12R/HIRlKsRuJiGA5ggH2V1g7RtvF5kR3AH1gvKtolfNZlZpUieKkjrXBPaeNBHsNV7ogMWgabmeY51z5cMZuymOWqpGv2v2wHYBfHDlmcSAzuIOUeiAqqCd4mtrDeUSC2BBkSY4NIiGrhO/jZx7J/ChHGXD9sj2mneCLio+hZYpSlsuGbOOxoY5u4tnU79505PSoxaf2Fr/AJv/AHKzmdjEvPrJqyHbxD41RQRRQpUaSdogaizaH+Z/HWmvbkrGVgcuXKCe73nNqSZ/U8K51G6/Oid594e80XjixJROwxHaL5bZAPjSOPAQdvZSS4rSWIA4kST6onf20lg75u2e7nxIxZYJll3YDrxoeJTbJGXcBiZg/AmkjBLg5XiV8jFzGFtyTpAGu1Gw1psslYg+GZIPGDSmAvkNlJA34RGnSnrF8AsWf0YiTOh36U8uOELJNcIBjcwJnQkzHQ7VVEOUk6iBJMxtw61p4myrjMjLO+rRpvpPGs/HYqUChszRBknQKSABzpE9kkNBtgLChg0DQCTJIGnAelrw0pHKGnScoMAHSDpw13Pxpq1LJlVpJBJ9gO3TQ0th1ADNnQNl2k6yQCR1ii1R0w8lrNtzcA7vXRYWSD1E6zQ+1LWa6V4wAfVG3TjrV3TKuZDrGhn2DXYUPHWmRjlIeYmJYHTQc49lKVjzKyuIxAsoBb3ZWDngRIgcyIJpLC3EEMZOYEsg3AHmtmJiPwppVtuAbtwJ4oIhiTIOg5agb7TSt+5lkhZHMfiRNZF4riq5LYFpLu1vhl1zHVuURsAaI+LyMVyxGwA3HCCKSXtEBBlBEMxaHMHNESuXoatc7VLBSUQFZAIzZjtHGOPKiM8bb+gxjMW9yM/mrouYmADqY4nWdqrjHtqi21lbmhbcrPEydQTpAjShdn3RmYMZcjwnMfAw58zGg5aUG7bdTplI5qJYdTOtagqKTo0uze8fEKYLeOc2rAidZPA9a2rflmULqFGjNlMaiTwNIWrxsW3vO4LkMtogkhidMwPQVyoY+l8TS6qT5JdFZXb8Gzju3rzsTnuD1O4+RoH9K3T/AFt3/Mf86z1Y8/iaKq9RVNV6LKCiqQ6O1bv9rc/zH/OmsfiCy4ctLEo0liSf21zcmsrL94U7jv2eH8Q/Zvz/ALa5QaSa/PArSKq5jzR+vVR++EeZWajn0o9tHV7npfE05OUDVuOgOXINuR5TuGoS3EP2Bvzf86o+KOYkx5oO59EfnVExCmJy+3Nz6Uq7E9GWu5QSPFueINVzr19386jEuuYmFOp2Lc+tBuFQSJOhNOmMohcLcPi8PA/6Wqq3m9E+6k27VAnKpmCNXB302CilT2g/pH2aUll+hJ+DWxF0wJMaeriaXFwanf11njEsTuSaOhuEHfhwo2FYdQ30joPcKlrwgac+nKhQw1JPt0qc5jzuJ/CtZtUGS8OXxpuzYdoi2ddtQJ6ieFU7HTMSd4ICzr4iGIJGmwQ/Cti3auDRliGl2BDqzTptE6TpHMxQciOT9LoxLr5TBUg8iaF336mtfF4dssNME5BJki4dcxJ4QOHOK5d7p5j30VIpjgpI18LjihDCQQZBBj8K3v6VtX4k90/rhSfXGntrhvpB50QYludBpPkM/iKXJ9Dw+BuFTuyxOYMpMwdjwFHTs5yp+qbhBzroRuIriOz8W8xmOzaT901p27l05fO2PPmaXWXv8/k4Mnx5J8s6G32dckHKxgE+cpg6iNOFL3uzniDak+lmE8eExypm1ixatEFn+rOZgIi4GOQK08J9ehNc19K++3w/Olg5tsWGNtWjdHZtxmkqx0Anw/ZEaAEUBOyWOvdMTrIkAERprm41iY26wywx1E69Ypf6Q3h8Xx609S9loYpVdnUW+wr7EE2ycohFzCBx56bzWd2n2Tig2ts5NAQGClgNxJMjSus8lO0beQLnAYiARBIO/wCFcT5X9pq99jbMAz8ulQUpubiwYHKUvrz+fnscHYgZYNm6doGdYt8dIIB9vOl8R2M8/VK8neSp1HHfeuTbFP6R99DOJf0j76pT9nor48/8jo8R2NiM2Xu80gakKpk7DeTqN6I3YdxbY+pcPJkl1ywYiNQZrH7DuZruVmUswK2s8lO9MBM4HDU9JidJoPbOJHenu2EQobLITvAo7zIG1C5pj8oobPah+lPtaN3B9lYlScgKnTTMqgrJJkhuBUb1Z3s2XLXrmYg/s7TT1hmGg15Vya3zPnH9Cq69aamxug2+WbPava/0hizCANFUbKKRDillYxvFFWeYpkhumoqkMq1GU0qjGmEvttNOSkgk092nbYWcOSrAG20EggH624dDx0IPtFKE83jT5052p2nnVgBBdkdyXkSqkDIsDKPEdyeApZXaomu56z2ehto3eOXZS3dogZguZllZcZ/NOg1Hq1qMDbsu0K14wCSciKFAG7MbsKOpo6W7ndWrtvxXO7KrBH1cXLmZ9/P1AXlqeVUsXcXMXFLIVYOsoM+m7EbvoIYydPXUd3zyNpZfG4y3bYBT3im2GDEASJKxBBP2aCO0bZjwLtzTTU81oPbQS21tGefqRqFB3dyM2ujREjhWbltn+sP+H+dUhyrB0ImjjAkkTsT149KFfjM2vE/OlcXbh38Y85ufM9KDcuEknqaexli47iJuiePvqy3V60lmNT3h/UVLY9F4zSs31njsfkalMSBtPvrPtEzuOPEcqKtvmy+/+VMm2TeJD4xWhjNuOPrqwedyffVLl8JKhUPm8521n31QY0+inu/nTEnD0a/Y2Nyh1G5KsvhBMoTOU8DrO2wNdKpZ1JLqR4czEee2knQ6iOUa1w9rGEQ4VQVdYjSQQ0jfjFdgGZAYdmUfs1ZQ05hmzZlALGOWvupe7OP5OKmmKdo4lN+CFmBDg7RPhI3JYD/3XHvdBOs1reUuLbKq5s0zrAEIh8KxuBJO8eaK59nOv8qz7nZ8fFUBnvB1q63B1p7tO+tq6ba4eyQoTVjdLGbasSYugbk8KEO0B/dsP/zv+7QUm1dFWi9m8vWtHB40DYt76zh2gv8AdsP773/dprD49f7tY997/u0+z9HLlxJo27mKzJidToF4/wD5UrIN3XTambnaYbOEW0mciSBdzEBgwHiZgNQNhSbH7679fyoR4sgsdcDPal0eDfzaQuXlgb++p7VxZLgAgwoHDcb7+ukLmJb9RRstiwvVG15PYv8A2m0JPnc/umscXwee3OnPJ5oui87Klu14nYyfO8CgBQSSS3wNZ+MtPac22yyukggggiQR0IIPtqV/qZ0RxIoXXrVS45GhMx/UVQtRssoGl2Kw+k2N/wBva/8AsWk79wZm33PzNF7Hb/abH/77X/2LRL3Y+KzGMPe3P9U/P1Ut8h15EC9e72mj2Niv7te/yn/KnuyvJjFXWg2ntiCS1xGVQAOJj4CmTTNJxirYr2HbS5iLFtwSr3rasJiVZwCJG2hraxHamDW46DAJ4XZZ7/EfZJHpdKi12Ddw2NwwbxAXbT5lBIyB1YttIAAMyOFAxXk7ea7cdbuHhnZh9aNmYkaR1pZVtz68Ed8c+b4/ccHa2E1/2BNAD+2v8Y+91onlAlm3dAt28qtatPlzMQDctqxALSdzQbfk/dIMvYmBteXgR93pUeWAYXkjUdxZWRqpKW1VsrRrBBFMnHdV9fZHVOVJ/cXuvbMbjQab7SN6XvXV68PgKTvXTAnl+JoXfHn8qtYywjBvryPwqLdxZ5aMJ33UgbUobx/RoRdt5pXIusRo3VWF8S7H0vSb7tCKD0x/xfw0v9LMAEAxtvzngetWGL+6v/F+dbZB0Y1i7v1j8sx+dVF40tcvkknmZqRcrWDpiBavZqoWqJrh3OzUNnqwb9aUEGrFvlVFMXUZxB8Xu+QqpflUXDJJkcOB5eqoj7w9zflVVIXUOr+A6nzl+T1rpjyUGYg+FRswnLtsw5bisFjCkSCSRtPANzHWpw+LZRAAPHUflS70K8afcc7YxZuOCTMARAgCZMbnn8aXw+HNw5Vkmlrjkkk7n2fAbVv+Rvaq2L6uwBAP6g8DTY3tKmLlvHjbiuxbytwDJfYkESLe4ja2g/CsTNXb+XXlDavqqoPNESdTqSd/bXFKCddInjA+dPrqkn3I/GyTyY7mqYRT+tKKlyBQdfu+9fzr1xiNwNuh0rXRVxscs3VgnXSPjP5VFy+sA67/ACj86S707fgKpcYn2er8KDmKsSDG7J9ZqE1IAkk7AD5V7ApL67AFuHAU72Nh2Li4imEOpMRttprsaVcjSqKZv+QfkzdxF+4ouNYCIO8OVXLK5OVQrSpEoTJmMo41m+V/k7ew+Le0WN4lRczxBZXJEsCdGlSI6V9E7B7GxWGL40mFFlj9HChnugKXUMdAjSBETx50p5ZeTuKF65jM63UZVJWMrWlXRQBqGUAmTM7mKgpp5qvg5o55XfHbt9f3PkhNeJo3aVm4jkuACxJkbGTJj30pnpm6dM7oq1ZcmvM3r99ULVDUrkNqWz+ut3yZ7cOFuBxPz0O4g71z1Htb7A6E69BT4slPsJlxRnHWXY6zt7yyuXH7y0722jLKnKcummnDQadKx7nlLiyCDirxB0ILkgg8COIrJ777q+6rjEfdX3UZTjJ9hMXx4Yo6xRoWPKPFIITEXUEzCtlE84FUxvbV+8AL165cCyVzMTBO8T6qQvnUEADQHTahhqTZJlemu9DBueuozCg5qtNU3NqWLVBaqmq0jkwpF81SDQ69NDY1BQ1XD0vNXDUeobUATXqq1Sa4VIoWBqZqlTVOozFs1eJqleoPIwUWmpmqV6spsJcGiK8DQ/rSgrVx+NUhLyBhu8JmT+pFWJ0HtoKcf1xFXOw9tWU3ViUTPWrXSIGvD8TQlqbvD1fiaO3AKILCoLVWoqLmx0hzs8iX1+w3ypdbhGxI9RIomD+3+43ypemcv0oCjyxr+kL3C9d/zH/OjY7HXStubtwg29QXbXxvvrrWfR8V5tv9w/63pU+GauUBZydyT69aiq16puQ5JrxNVr1K5mJols/I/I0Kr2vwPyNGEnZiK8DUV6m2MEuNt6hVJqX4eqqVnJmLzRLaiJJI1jQTz5kcqDRB5h/eHyNMpAYQBPSb/CP4q93amYZpAJ1UcPbQaJZ4/umnuwAq9NeNQajJ0MWmpBodXFLszH//2Q==')
INSERT [dbo].[SUBJECT] ([SUBJECTNO], [TITLE], [DESCRIPTION], [CATEGORYNO], [STATUS], [IMAGE]) VALUES (3, N'SWT301', N'Software Testing', 1, 1, N'data:image/jpeg;base64,/9j/4AAQSkZJRgABAQAAAQABAAD/2wCEAAkGBxISEhUREBIVFRUVFhUXFhUVFRcVFRUWFRUWFhUXFRcYHSggGBolHRUXITEhJSktLi4uFx8zODMsNygtLisBCgoKDg0OGxAQGy8lICUvLi8tLS8tLS8tLy0vLS0tLS0tLS0tLS0tLS0tLS0tLS8tLS0tLS0tLS0tLS0tLS0tLf/AABEIALcBEwMBIgACEQEDEQH/xAAcAAABBQEBAQAAAAAAAAAAAAAEAAECAwUGBwj/xABHEAACAQIEAwUFBQQIBQMFAAABAhEAAwQSITEFQVEGE2FxgSIykaGxQlJiwdEHI3LwFDOCk6KywuEVQ1PS03OjwzRkg5KU/8QAGQEAAwEBAQAAAAAAAAAAAAAAAAIDAQQF/8QALREAAgIBAwMCBQQDAQAAAAAAAAECEQMSITEEE0EigTJRcZGxFEJhoSPB4QX/2gAMAwEAAhEDEQA/APIslPlqwLThaoTK8tPlqzLT5aDLK8tLLVuWny0BZTlpZauy02WgLKctNkq/LSy0BYPkpslEZaYrQFg+SmKURlpstAWDlKJscKuuudLbFdsxgKT0BMAmr+HYYXLttDszop8mYA/I11GC7EY/Ht3ot5bZ9xrhyIE+yttYnIBtAimSJzyaduDicRhHQ5XUqehEadR1FUla9PxH7Nb9i3GIxOFW1+O4UCNyZCygA9RzHoRw+J4I6nKtyxc/9LE2XnyGfMfhWNUNjyauDHy04WrrloqSrKVYbqwKkeYOopgtYUIBacLVxskbg/CoxWGkctLLU4pwKAIZacLU4p6wCOWllqUU8UAQilFTimigCMUoqUU1AEYpRUqVAEIpVKlQBeBUgKcCpAUxMiFpwtTinAoMshlp4qcUorQIRSy1ZlpooAry04SpxRfCkBu2ww0LrI8Mwmsk6VjRVuixeBXIBY20kAgPcRGg7HKTI9RT/wDAn+/Z/v7X/dV+Kw127dukaw7FmZlVRLH3mYgCfOqf+Hv9+z//AEWf++kjHI1d/wBDyyYYun+SP/An+9a/v7P/AH1Za7OXWOht/wB9aP8ArqVvhl0kAG0Sdov2df8AHXX9jOyWI/pCNirRW0suZIIYr7q6E7mD5A0PHl8P+hf1HTx3f5NrsD+z1LUYjFqGeZt2zBVY2ZuTHmBsPPbW7adqrlo/0fBhTeIlnb3LK/fbx6D/AGDdDxXiK2bT3CfdUmNieg9a8e47iW1QmXc57x6udQvkoMR1noKpNuKUVycnTx783knwvBjY+1adzcxD3MVd5vcYqvkijUL4SB4ChmwuFbQ2MvijvP8AiLD5UaOE3mGYW2IPODQb4dlYqRBG4Oh0rn0Rl+539T1dUo/tVfQpvcJyqIY3LOw5PaJ6fd9PZPnsoWytxbWYXFCnvSACczKIt6+wMrTm94/h1FaXD7uU66g6MOoO4ojEcLBkHKdgD3iqSobMuk9frRDLodTf0Yubp+4lKC+qI8AuMbUs7Mcx1Zix+JNNx64DZeJg5dDv73SahLWVyJbg7gXDIbyYRHzHiKwsfxh7im2yquwMZpGU7amutZIuGzPMl02RZbarcNxXB7S2i4zZgk76TlnptWBUs7bSfiajU5NPg6scZRW7sVPTUqUoSpUwNPQYKlSpUANTU9NQAqanppoAalSpqADgKcCoA1IGmJEwKcCog04NaBKrcPYLsFXc9apmrLN4qQw3FaY7rYlfslGKsIIquKtxOJLtmMdIGwHrVuCwocMzNkRAMzRmMkwqqo3J16DQ61tfIW6VsFiiOHmLinow+tPfS2B7DuxnZrYTTrIdqLv4tXyZVgjwAjwHhSzXpY2OfqVBHGl9m4P/ALq59NPz+Jp+zHZ98XeW2mk6sx2VRuT/ADuRW6nZnEYtrwspoMSxzt7KRDzB58tp3rvexvZ1sErg5XdiJK7ADlJ8SflTY1cV9Dn6jMscppc2zT4NwHDYJP3aAED2rjRnPWWOw8BArlOP9pXuyVuG1ZkhSv8AW3Y0JX7i+Oh+YG32w4gotdybgVnIBAlmyHeAvXbXTWuFu4C5iGZvcAgKGkQo0UDyAqeadbXQ/RYNa1yVvwVYe6rt+7w5cjX2mZifFoisnH2Locm4pDEkmR1MzWrwm6lp3S4Y0iYnUGtDEcYsgQHO34h+VK0ox1K3/Z1qUpZNFJL7AWH7QoqKhVtABWJiH726zAHUMY3+zz+dX8Iv21uM1xcw2GgOpOmlQ4jxNRczWQBpGgy8/CueONQyemPud8sjnj3kvp5LP6CgtZyTmjqPpR2BtJ3YIAaRrprMjTlp/vrWFcwd9gXytB1mNI3qHD8UwITMQpIBE6dPzNPBpW7sTLGUqitgx7qh2tMZtknr7PiJ5j51zvHcNlcE7mVbzWBPqCPhXT8XW2FBUCZ5bxTYbiIWSGs+2qBhdtd6QVEaBlIE1PHkSd1symbE3FK7aM3AcPwwwrXbhl9YUNDAyAAB85rHe7h/+nc/vV/8dbHFLKupbKgHN7IygdM1vQR5Aedc7i8Pkj2gZ6VfbJuvBxqMsDal533/ANFxvWP+lc/vR/46dbdt1corKVXNq4YGCAR7ojfetfh+AsmyGbDlzlBZu8cb+AEDeKyLEAYiNgsDnobyAa89KWcdKtFcU9bp158Ac0pqE081U5yU0pqM000GE5ppqM000ASmmpppiaAJTSqE0qACQ9SD0LnpZ6YSgsPT95QneU/eUGUF95T95QfeV2fYjsFe4ihvd6LNoMVDFS7OR72VZGg2md6Zbit0rZzHeVp8PebN8eFpvhcy/wCuvSLP7GLEe3jrk+FpVHzJ+tc52j7B3uH2r1wXVv2iijMoKup762faSTpAOoJ21ihNJ0zJRco2vmvyVcE4JhbtlGuDElzmLd0beUAOyiAyE7DrRuH7KWWxWHtWmvZbjP3guhVZVtgOYKxuCRtvRX7PL6C1LEDQqNt87E7+DCtjEcQS3jLFwGVYm3PQujkb+KAetX0Jo4JZ5rI4r+T0G2oACKIAHLkOnr+tZXaXixtKLVogOwOp2RQJZz4AcufjtV2BxwYEzz/IfrXC9rsYS1xp95ltjwVFDsPVmB9KTKnFbC9JHuZPV43ZkYvihk90SJPtXD/WOeZZtxPQfOgrOIus2VGaT0J1ojgtwhyVjMBpMdRMTzqC3u7vl40DTAiPECNKi8aUbXJ6kMzeTTwiL4a/Zm4yeZbxoLEXWvn2iBA/ma2eKcaDpGQgEjXlofKgOH4W3eLbgCNARznw8KXHKTXqHzRgncfuYtoa+ooy1wkm13uYbEx5UVxPApbAKzqwGrA8mPICNqzG4pcFsWwRlKnl1JrMik0tJTBkhbcgtuOMbeQKICwTOw2n51nqykAKDmnU1VggCwBIE6SdgTME/CjLhW26ZmVwCSchnTTSk7Kgm4or+pc5pTYW/AbsTp8RWL3JObUDL866q/2jsZdFf4p9JmuPxLgsSNp0nekwRyJvWU6qeOSXb5CMHiCDPy5EcwfA1k8ZshLrBdjBHkwDD5EUZYbWqOO34vEZVaFRTmkwVVQYgjWQRQtsvsE98Fv5na8Ot3Bg1VEBlBLB7ZGXLqSM0gxI8PjXC4Z5tXm65Pm4P5URZ4Bi79sPbwqlGghlFtSR11aaHvYe5ZtXFuIyHvLa6jmFuMROx5fGrZm2l7HL0kYwlJ/OwLNSzVTnpi9bRhdmpZqaxaZ5jl1n8h4H4VW5IJB3Bg0UYW5qU1TnpZ6ALZppqrPTFqALc1NVWelQBLNSz1IW6cWqYyyGaiMDhbl64tqyhe45hVG5Prt1k7RVYtV1f7MMSlniNlrmgfPbBOwZ1IX4mB/arUrFk6TZ2/Yz9lVoWy/E0LXCdLa3SFRREEtbPtMdecV6XwfhlrC2lsYdcltJyrJMZmLHU6nUmrENWqaukkcDm5cllcb2hwN8Oy21Z0YSAAW0Mgqfn6RXYTSJrHFPkIzlD4Tx/hXDcVhA6Nw4XrZdmTM2R0DQCAcw0gDlWR2u4laKLbXCvhbouK5zXe8JCq6gKIldXnNP2a9xxFsOpU/Hoeorxvtsxdns3l9pCQCBseRHgRB8jWO+EVx6ZbvkJ7MdrvYIvMFOZVzHQFmDETyGimpdoLwZWadAwefwsqox9Cqf/tXn2HxBt5kdMytGZDKmR7pB3VhJg+OxBo7A8ZW1oqXSv3GvKyQdCI7rpp60s25RryhsePRkcktmaffDqPjV68ZCWmtSkMZ1ifSufe5hn1KvbPMKq3F9MzKQPAz51XGGH2rp/wDxoP8A5DUu7/DOl9On5Rt3eNW8mSVmI3Eefn+pqvhnGltZoIM5Rz6np51jtcw/JLp/tov+g1PD3bOv7l/s+9dB5/hQVksjq6/A0MMVtf5NLH8fV4BgCZkBp0B6+dZL45YG+3T8Rpr91CPZsqCokHNcOxEg+1BBEjb4VI4sQItWhp9zN9o/eJpe664KrDFeSg8QG0HcdOhqpuI/h+Yqb49wfZFtdV2s2hyP4aNtWMcyC4ouZDsyqAvTdRptSvI0rdL3GjiUtlb9v+mcuMc+6k+RJ+gqxVxDbWXPkjn8quuW8X9q5cHnej/VVD4K+33n8m7z6E1nd/lD9hr9rLkumz7VzLnHu29zPJrmvsgfdOp8BrQF3GB9bqlj98NlY/xSCD5xNVvYI0IiOVaXZzs7cxl3urcAAS7t7qjbluegpoxS9RPJJyqFVRoW7oFtBliAoOu+n+3ShDwu5eLG3ZvXRKD90pYiQ55KZ3203r1Lh3ZhsOqh8W2IULAttbAVYgDUsxI6ARWrh7pSMpKxtGkfCr1rWxyy/wAUt9zxO/2SxgurZGHvSxAVntPbUzrMsIAjXwr1PhPYrD2xF0s/4FIt2vUAS58WJnw2rp8VxJ7gAc6D69TQ/eU8Y1yc+TJq4ALfYXhjE5UuWC25t3JXp7rAhfSuM7a/sqfDo1/CXu/USzW2ULdA5lY0eOkA9Jr0MXausW1uN+8vG2umylpP5VPJB8xLYMyupnzSRTV7h2j/AGSWGVruDvCTLBWnUnXRsxHpl9RXjWIwrIxRwVZSQQdwRoQampLg6XHa/AJSq3u6bu6axCulU8tKgDQFupC3RIt1MW6aiVgnd1IW6LFun7qtoyzo+E/tEx9kBWdbyjldWWjpnUgnzMmuu4Z+1e0YGIw7oetthcX4HKfrXl/dVtNwktbZ1QZEcoGHvBokZ+obryPTYurIzUFyew8M7YYG/At4lMx2VybbeivBPpW5mr51wfDDdBhlERo0iZ6GI+MVo8MxmJwxy271y3ldAQrysEMdF1U7DlTJsnKK8M95ms3ifB7N6SyLn+/Gum2Y8xXEX+2+Kw2UXbaXQZ39hztBzKMv+HlWpgf2j4R/60XLR8Vzr6FJPxArX8iUba1ROI7YXLVwd2UC3LRKg/aGUwVPUVxnd10XarHJiMVdvWpyO0rpBMKBJ6SRPrWNkqVUeg5at2C93UksTuQvnOvgIB1/Si7DFGDCCQQYOo060VxDFrcAi0qMN2Xn6RRSEbd0ZaArmiNo2BBBI6inwyaH+z9TVrrv5D/TVuDtzI8V/OknwVxfEC3LejfwN+VObenw/wAxrUuYP2T/AAP/AKaZsHofNfncqB10YTJqfNfoa2+E4wWwxtk5gCQW20Uk+yPKNZrPxNqGPn+tTwiwCSNCG9fZYGKaUFNUzIZJQbcQ29xbE3ySqBjzy2l+cLQ13E4q3DFria6QxWD5A6UVglBRRGhe4YJED2UiSd4+dUY9QEYAAe3b2II915iKF0+NR2Qv6zNKXIPxS6XS07GWIaWOpMMYk862f2ecYTD3XW4QouhQCdBKk6E8pzfKsTGD2LQ/Ax/9x/0oYWGPI7TtyowpKNfU3qJvXZ7qmMVh51VcrxLD4m5aP7t3T+FivyFb2A7YYm2PbY3egbKI23OWTVb0kX61TPTQ1Pmrz+x2+af3lgR1VyD8CNfjWzhu2GGZQWZkmdGEkR1yzFV7iOZ4WdG12o9/WfZ4lau/1V1G8AwJ+G9J7kU6ZFxaNO1cvXCLVjUsdp021Phyri+3PYLGKXxUI8iXRGm4IABYCPa0HIz4Gt034qjjfaO6lsSxOuWSddpE/A/Ko5Ib2jpw5aWlnkuWmK0XiyC7EbFifiZqkiplinLSqyKVAGyEqYSrAtTC1Y57KxbqQt0ZhME9wxbQtAkwNh1PQVd/w5xvlHm6frWOUVtZqhJ8Izxbo2xdAgtMjWNw0bc9NgKsGCje4g9Sf8oNXLlAjvtPwrO/nFCyIHhkyPC2CE+0vIjN7p0Mg5hHPn005VLGWZLEEDW15aW257cvnViWrcS2Zh1yhd/xAmjRatLm7qSpyk5vAHePFvpWd9LagXRuT1WjLxV+9iAAULFATIH2RvPhWVdtsN1+YP0rbNuScjFfDf4Hp5/OhWUzDlwOuXX4TRqk92MseOK0oyijxOXTrIA+dUOzDda2rtgbLLHWDoPLQio4K8qEi5bDDUZXnSeehBmslKkNDFqfJiG4/SrEw18qXFslRALAGATtJ5V1F/BYRoNu6U0EhlJAJ3Ejl50rd21aBCvm6gOCD5ARB85FIpuStL7lHijB1J/Y53DYG7cOg0ga8uXxPgNa6nhHCLIWHuKG01PM8hpsP58s6/iMRd0sWmAOmYCSfCR7I8tvKr+F4HuznuNneY9kyit4sPfufhXbckbhcyco0nQ3TtRlckbd3goVG1BGUgEcySAfpQd/B++F8x5h3j5j50Rcx+iAEQXXy7uz7b7b6gaj7rDlWNw/imhzGSpM6/YfSZ5Q0a8s88qhGLWzZ1SlF7pAmMwqZva91tj0JGx8956z41SOG2xI75RuNc3Q81BFG46+pkEaHw01OxHQ7+B28cvu0E6GOYMsvxG3rBppWhYU3VGhgOHpGXvrZGpAKudY5bbwPCo3uFhjl/eNEnKqqgHjMn4kUAltfskjyJ/OisLjr1mSDmUiIM9QZHwqKk295M6pY1FXGCsy8ZaYt7SwAICqZygcieu5PiTQzoAdyPr+VGspYlmcgkztoSdfemKO4VYIvIzhmtgnMcuYD2TAkeldcWkqs4Jq22lZjKhO2c/Eip3bMAEqR5iOZ6RXq/DxYYQII6DX4g6j4ULx25hrYym2W0noKo4vmznWXfTp3PKjaB2aPn+lRbDvy1HgK2uKNYYPktqrQSIaDPKAsCsfD32RgRvH1n9aVuisY3yqB2BG/wA6NwnEr6e5eYQNi8j0DaVC5ip3n+fOqO9XxHLTQwd9tPlWpiSgzbs9p740cI/pB+K6fKhuLcZe+AuUKoMwDMnaSfU1lZl+8R56/P8A2qJueM+VNbEUEWVE1DvKRalHHpVGaVAHTBakFqYWnC1Y5Sdm6V0B3qZXNqN6qOlbWF7M4t4ItEA7EkChR+QPJSpsD4cMrhiquBujiVbSINbd3tatolbHDwI+17Cj5CiML2NxH2ii+s/SjD2Mvcr1pfEoz/LMv1p0mjmnpm99znsX2wx1wFRYsqpEENLAjoRsaxFxN1TJyg9FkAeU12mJ7IOok4gk/gtqgPoxb61zvFuHFNZnkZ0M+HX+fOskm1uUxSjB1HyD28eDGZQCNiBp6j9PhVmIfMBPpqSp8jy9flWWalbxBXbnuORqW1HVU3KwnNCszLosSQDKzsSQNtNz8aDuY+0ZzKzdCIVvCSSZFWYjEuAHs5lYT7p677jY9NZoBb9m6YcCxc+8Ae5Y/iUa2j4rK+A3rIqLHyOcSVjEy3s2s3gSW+gitjC3NRnSxaHMtbFx/LJuD4wPOsLEYZ7RAuLE6qZBVx1Rhow8QanavjaKokiEpyOlvYoMI/eXfMMUjoVAWfI5qGNyf605BEAKQHj7gWPZHgMo86yu+8fnTi5/PKtaRNTlYel4PcMgKDbe2g5LKMFEnxOp6sTWdke2wYqQNQQwIDAiCp8CDFOz/wAj9KEvEjYfKPrU6gi6nlexY2JKkhGLLyD6xPI/TTQ+sUTYxUx7K/OfJddPIRWLdc0dw1Sx3+U1z9RSjZ3dGm5UzfsFjtp45mn/ABEwfOo42ySJJJPXf4/7Vq4LDIF1J+IH+9SxdlY2+JJ+teK8/qPfWLY4PE3WRiJj8/PrR/AsfcVsylvQkD1G1PxbDa+yPgKJ4Di7VpWNw5W0gkxI+0vr/JHP18KWSJ4nVSeGdo3bvE0eDlAbwhTPgBFZXFL4YyxJ8TDH1n9aycbxWySQrbnQCTHQTQrXm2Mwdp930aY+Bp9CguSaySyP4Q9byDkp9Mh+O1U3CjHTSerCB8f1oS5hrqiSsA7HWD5HUH0ND5G51sWmEoyjyFXrSjcqfUA+cHl609vB2yCW7wGPZhJBPnPTWglQTrMeGh+lFK9tdiw9NT4GCB86fQn/AAQeWUeVfsRThufN3bAlROU+yx8gdCfCZoO7hmXcURfxIOwJ/igH4rE1WmIHOY+63tKfhEelbTRjknW1Aeenz1oLZw7Bj7aGPZyw6k9DMMo8daAazFYpWNKNK07GzUqWSlTCnZgVKKQqQqpyEczL7SaMCCOWo10PKu57I9pldcjmI3G2SN46J1H2f4D7PFLSNplIu2jDrrppMfQ+NanQsopns2arbIkx9N64rsn2kV1yPpG42yRptyTw+x/CRl60NVE7OWcWtgvEYdSCNp5sdvSa5bjfCAVI0YR5g1uM0a1lcS4th0Bz3rY8M4n4CtFxwa82eS4891cZW1UHfmvn1HjvU1VYzEjLvMiI6zT8axFp7jMLqQToSf0FZWHxyo2W1cDT9mIUk76naRIiCDOtc00j18U3w0b2GxdrYHMY5An57VTfwFq+pa2R6bg9COVT4Wqd4GRdftWWn/DGpHhvzBOuW3i2Ots02AqODrk9ox90hRBHnWrGqtMnPqX3NEo7fMxVa9h5QgPaJk23GZD4gbq34lIPjU0w9u9/9MSH/wChcIzH/wBJ9Bc8jDfxVsWLverFxQG6aaj70TI8jWZxDg3NKWMys8FbozWJBIbMCDBBkEHoRyNE4W4J2FVY3iN8KFuqtyBAa4gZwOgue9HgTWU3FLn2YX+FQPnWyaoTHFp2dRcuSNPlWfccrvEdGIH1II8xWBcxN192c+ZNMuFc8qjSTOvU2qNDEOh/5oHlLflHzodcQo/5t0/wwn5mmThbnejMNwUHc1kpKtzYQd7FP9Ot/wDSzHrcuM30Iohu0N8jKhygbBV29TJrpuFdlA0HIDPMkV0FjsmNoUek/lXLLd/CdkZUvjSPKr+Ivv7zOfMmqkwVxuVet3+ydtfef4AL8zNAXeBorAW2B8CR/mgCu3FBtcHl9RnjGVXZ57a4JcO9bfB7D4dgxhhzRpKsOjDmK9B4XwrDvuDy92G1HlRPEOA4ZpILz0y5R9BFXl0ynGmcEf8A1e3Pycf/AEu2wKoxtZpBU+1bM8tNQPQ1j4zhjgZgMy/eQ5l9SNvIwaP49w3uWEHRhI1B+MbHwrNsYpkMqxB6gwa4uy8b9J7UOqWeCkzPe2agRW42PRv65FP4h7DfEaH1BoC93RM2mzDxiQemm/n9KeMnw0SnjXKZltcXlJ8gTVbTyQ+sCti1ZFTu2BFM5GLHaMLu28B8TU1U8zNFXEqsimsk1RVFKrIpUAdUDTzVQepZqsctFqmjsLWaGo3CvQY0T4hg7iHv8Po41jr4/wA9SOdYuK7Y8SPsKWQDQBFy/CNq7PCOCKI7hDyFNQiklyrPMbjcQv8AvtcP8TE/WmXs5iG1do9TXpt8Kqlo2BOg6Vm3MTbYSrKR4EUriUWZ+EcdhOzKBh3zEjmBofQ1v4Ls7gkOZbh8mSWHwMH5UNjsdbXe4o/tCgk4qk+zmb+FSa58mNvyduHLXKOtu8PwziFd1Ye6+UaegO1Y+J7L3bh/ecQBWZ/5jH5rULGNuH3bR82YD5Udb70+9lHlJpI45cKRSeSHLjuPw7gWEw+puXbjnnAUHwkk/Sib+Lsr7tkH+NmP+XLQ9xTGp+QoC+Y8R8x+orVgXltivqZeFsW4viYIK93bg9LaT6NE/OsK5h0J90UTeqmaZQUeDFllPkrGGUcqJwltJ9oSOlV5qouYxF3cfH9KVlkzquF8KDsCz2Ra5mEnyysQ0+vrT4ngi5j3Do4kwgJzxyiQMx8prk14t90O3kD+dFWMfdOyR/E35CuWcMmq79jqxzx1VHQ4PEPaOmkbg/pR441c5mR0kgH4Vzd7FYl9WuITECVJI9Z19aqFq6ffvH+yAtN6q5M0wbex0GO4wseykeJc/SsLEceUaTbXwUAn8zQ9zAp9qW/iJNUGyo2UD0rox5Gtjiz9PBu6C7HaHKZt94TrqoI3EHUxU7naDEkABSAJIzXNiY6eQ50FNVXHq3cZy9iN7oqxmJv3CWdlk7kAknzJOtC9wT7zsfL2fpV7NUZpG7OiMUlSKhhUH2Z89frVqwNtKjNNNANhVl6su3NKFRqd3pGtykZbFNyqqk5qJpiEuRqVKlWmG8GqWaqA1PmqpCi8PRGHuUCGq209aY0dDhL1HrfrAw96i1v0yZJxNK5erA4hw2w5LNbWesR8Yo1r9BYi7WNmwVMzWwlpfdRR6ClbaleeqFeps6Im1hbtHrdrDsXKMW9QjWF37lZl+5V127WffesAqvtOxIPh+hoM2XO91o8ABVztTK1Y2UgisYBPtFm/iYmrkw6LsoHpUgaRNTZ0KhVbaahyamjUrHiH23qzPQttqszVJl0yVxqEuNVlxqFuNVIEsgmeqWamZqrLVU5hyaiTTE1Ga0GSmmmmmmmgRkwaRNQBpiaDb2ETUaRpqBB6VNSoA1M1PnpUqoRFnqxHpUqAC7V2iBepUqZCMTXqFvXaVKsZqA7j1UGp6VIVRfauUSLtKlQaM9yhLr0qVBoOTSDUqVYx4kw1OWpUqRlkQLVJWpUqVjIuR6sz01KkZZFbvQ7vSpU6JzKiagTSpU5BjTTE01KtMFNMTSpUCjTSmlSoMY1KlSoMGpUqVAH/2Q==')
INSERT [dbo].[SUBJECT] ([SUBJECTNO], [TITLE], [DESCRIPTION], [CATEGORYNO], [STATUS], [IMAGE]) VALUES (4, N'PRN211', N'Basic Cross-Platform Application Programming With .NET', 1, 1, N'data:image/jpeg;base64,/9j/4AAQSkZJRgABAQAAAQABAAD/2wCEAAkGBxMREhUQEhMWFRUWFRUVFxYWFRgXFxcVGBYYGhoWHxgYHygiGBolGxcXITIhJSorLi4uFx8zODMtNygtLisBCgoKDg0OGxAQGi0lHyItLS0tLS0vLS0tLy0tLS0rLS0tLS0tLSsrLS0tLS0tLS0tLS0tLS0tLS0rLS0tLS0tLf/AABEIAKgBLAMBIgACEQEDEQH/xAAbAAEAAgMBAQAAAAAAAAAAAAAAAwQCBQcBBv/EAE4QAAIBAgMEBAgLBgMECwAAAAECAAMRBBIhBTFBUQYTImEHFDJTcYGRkiMzQmKCobGz0dLhUnJzorLBNkPCFTV0hBYkNFRjg5Ok0/Dx/8QAGAEBAQEBAQAAAAAAAAAAAAAAAAECAwT/xAAfEQEBAQADAQEBAQEBAAAAAAAAARECEiExQVFhkQP/2gAMAwEAAhEDEQA/AOYokz6uZUxJbT0Y5IOrnvVya0WlxNQinMskktEYajyT3LM4gR5IySSIGGWMkziBhlnmWSRAjyT3JM4gYZZ5kkkmGGblbhqQuvoJlnG34aq5IySy2HYa2033BDC3qJkUWZ9NR5IySSJBHlnuSZybDYV6lwiM1t+UEgek7h64FXJPckveI28urST/AMzrD7KIe3rngwqf94pe7X/+KBRyRklyrhgFzCrTe3Bc4PsqKt/VeV4EeSMkkiBhlnmSSRAwyTzJJIgR5IySSIEeSe5ZnECKnJZFTlrC0DUdKS2zO6otzYZmYKLk7hcjWIIom66RdFsVgAhxKBRUzBbOrXK2vu3bxPMH0Vxlah41Tw7NRszZwybkvmNi1zax4cI2GNNE2OwNiVsbV6jDqGfIXsWCjKCoJue9h7Zuti9BK9fGVMA7pRq06XWsfjBvSy9kjW1QGNhj5SJe23s44bEVcMWDGk5QsBYG3G3CUYCIiUIlrG7NrUcprUqlMNfLnRlzWte1xrvHtlWQIn12yOgdXEYB9oisiqq1WFMqSSKV812vZT2TYWPDnPkREoT2e9WeR9hkmHU5t2oBPfcDT67Sz24XxJTQXyhgG+UTw52O6wF+W6KaMXU20uLWINh6pjSot2uyfJ5HiQPsJihQbMvZO8cDOn88ZKFJvJ3X3XIFm4H+08cBuILak23ED/V6PtmAosPkn2GS1KTByQp0Ykad8fnwVplTpliFUEkmwAFyTyAntZbMRyJ+2XKx6gGmPjWFqh4oD/lDkbeUfo8Gzc740qj4N9VVipNwTmUkd6nUX77TLE4t6lg7EgblFgg9CDsj1CQRIEREoSfDYt6dwp7J8pWAZG9KnT17xIIkF7xdautIZXtc0rk3tvNMnU/uHXkW1tRnoNtRoRqCN4POXq/wymqPjF1qgfKBNutA4G5AYcyDxNgoREShERAREQERECKnJgxGoNiNQeRG4yGnJZIOy+E6oMZsehjh8k0ap7hUXIw95h7J9X0YVMPh8Js9/LfCs5HPL1fWfzVvqM+T8Garj9k1sBU+Q5T6LEVFPvZvdnnSTbmTpDhEvZKarRYcL1wwt7WpH6InHPx0/wBQ+BvY/UYjHs2nUt4uCfmuxf6lpmVPBZtHxnbGLxHnKNZx+6a1HKPUth6p9d0yVdn4DaFZDZsS5ItvD1Up0b+qxafBeA7/ALfU/wCFf72jNfZanyyN9i+i+yq+0K1OvjGbE1arkUkIVVO/JfKbvbm3qnxPS3opTwW0EwhrEUanVsKj2ulN3KsW3AlcrG+nCbFP8R/86f7z6DwgbIXGbcwmGclUfDrmI35VeuxA7zlt64lz/iKWz+jmwKjrhlxlapVchVN7AsdwBFML6L3mpx/QvDYbaYwWJxDLQakKqVLDM2Z8q0zpa5KtqBy3Xn1+JpYXCbRoYGhsgPZqTeMdq6XN+sDZWLBbaksNQZovDAbbVwxO4UaB/wDcVYlulj7Lwk7LwFfqBjsS+Hy9Z1eQqM18ma+ZG3WXlvnAzOzeGrZNfEDCmhRqVcprBurQuRm6u1wu6+U6904yRwl/8/hy+ug9H+ii1tj1sYcTiUstdjRWoBQY072LJlJO4X1mXRLoZhnwR2ljaz06ILWFPQ5VbJmYgE6tfsrb0nhvuiP+HMR/Dxn+qfO9COlGNwNBUODqYnCOWK2psbXYhwrqpBGYN2W431ku3V+NR0uwOzURKmz8TUqFnyvTqX7K5ScwuineANb7581R325gj1kafXadN8JPR3C+JUtpUKBwzuaeakVyXFQE2NPcjju773nLpvhWeSSkPKHzT9Vj/ae4de0ptxEkSubgqO3cbhcuSfbc7rDfeT1Ka09KpZ382raL3O/P5q+0GdPIy19pM1MuSQpIudQpOkV8RnsMqKBuCIB7WN2b6RMU8S6iyu6jkGIHsBmdVZwhys9cj4vVQeNVierFu6zP39WRxlEm+p1PM7yeclrYuo4Aeo7AagM7MAedidJDAREQEREBERASxgHcVFNNczXsFtfMCCGUj9krcHuJleZpVZQQCRmGVrcVve3o0EgvYmhQpsRnarroqEAAcA1QghmtocotyaU69QMdEVO5S5v3nOzG8iiBapY0qAMlJgNO1SS59LAZvXe8zXqqmlupbgblqR9Oa7J6bsO4DWUogSV6LIxRhYjePsNxoQRrcaGRy9hz1qdUdXQFqR4kC5al3i12XvBHytKMBERKIqclkVOSyQbbo/0lxOALthqgTOFDXVWBC3towNrZj7ZUxu2KleucU9QGsWVywsO0tspsNBbKPZOr9Gej+D2XgBtLG0xUqsquAyhiue2SminTPqLk7tdQBNfjPCph6yvSfZ4KMpAuyMRcaHKUt9czvvkXP6+U2x0g2ltGjaqKlWijZ7pQ7AZVIuXRbaBjvPG81Wwdu18FUNbDuEcoUJKq3ZJUkWYEb1E6l4M/9yYr/mfuROSbL2fVxFRaNCm1So25V36bySdAO82ESz2FWBtqt4z47mHX5+szZRbPzy2t6pPtTpNisRXTFVKvw1MKEdVVCoViw0UW3sd/ObnFeDLaVNOs6lXsLlUqKz+zS/oBM+e2Psavi6vi9BM1SzEqSqEBSAb5yLEE7pfD19Fi/CdtKogTrUTddkpgMbcybgeoCfP7f25Xx1QVcSwdwgpghVXsgsbWUAb2MVth10xPiTJavmVMmZfKYAgZr5dxHGNvbCxGCcU8SnVsy5wMyt2bkXupIGoMSRPW8wnhJ2lTpikK4IAsGemrOBw7RGvpIJ53nzdbA1gvXPRqqjWIqNTdUObUEMRY34W3z6LZ/g52jWpCstEKGF1V3VHYcDlO6/zrT7vp/QansHD03Uq6LhEZTvVlQAjTkQZNkvi5XNcF0pxVLCPg0qAUWzKVyKSRUzZu0RfX0y10f6e43BUhQouhprfKr0wwW5JNiLHUknUnfPmx5J9K/Y0wlyGt10j6U4rHlTiKlwvkooyop52G895JM0sSbB01Z1VzZLjMb2sg1a3fYG3faVFlW6hAR8bUW4PGnTO63J3HHgpH7WlASXE1zUdqjb2JNhuHJR3AWA7gJFATzMOcs0HKozKbNmRbjQgEOTY8PJEnOOqiktqr6u9+21zlCWF77u0fbA1+Yc4zDnL9LaD/ACqtUaEaOxve9uO/WDjalyDUqLoALu3Man0i+vfNYmqGYc4zDnNg2IrZR8JUGrXJdrWsttb68bfVNhsraQJyPUbVhYszWIsBa5OmoJ9cvWmvn8w5xmHOfQbRx2Yqi1WvmJYox0GugINie4aStSxrbzUqZbjtB2YDfoyk3F77+7SWcLU1qMw5xmHObpKj5czVag32+EexRQLsCt7tc7t2nGYVMUyFlapV7JsvbILAMdSL6SdKutRmHOMw5y7485/zai+moxB/D/7uklHE1dzVKu8bna5FmOhvre0k42mtdmHOMw5zY4nFVAARVqX/AH3AIIuN5JvzkVPGVLN8I+ij5bftL3xeNlw1UiT4zyzwuEOmmpRSdOGpMgmVZ0apRldTZlIYHvBuJLZHqMb9WhLECxawvooA3/VuleIFvq6HnKvp6lbfezMYBTqtekR85ih9asPsuO+UYgRU5I+4+iR05LEHbfCwpq7Jo1KeqK9CoSN2RqbKD6LuvtnEp0ToX4SBhqAweMpGtRAKqVClgh+QyOQGX17tLGbCt0l6PoC9PA524KKC2B9DsFHqmJvHzGrlbDwa/wC5MV6cT9yJB4CMMvV4qva75kp35KFzWHpJ/lHKaHwddOKGCw9TB4qm7o7FgyANfMgVlYEjTTeL7zK3RvprS2fja9TD0W8TqlR1NwHUKOywuxGa5bQnUNv0ksvpLPGy8G/SnF1tqBatao61utzU2YlFsjOMqnRLFQNLaGfQ4HCrT6S1clhnwxqED9pgl/WbX9co4fppsbCu+Lw2GqHEVAbgLlsWNzqzZUBO/Lf1z5HYvTV6e0ztKsubPmV1TeKZAAC3/ZCrv3274y38NbbbH+JB/wAVh/u6c3vhDwy1dtbPpuLqwp3B3ECq5t67WlXa/TbZHjC46nhalbE3Q5zdFXLYZrFrFwo07PAajfPmunXTFMbi6GLwy1KZoqoHWhAc61C4NkZgRqOPOJLcPH03ho25iaWIo0aVapSTqus+DdkzOXZdSpBNgo03dqbDp9XapsHD1HYszJg2ZjvZmQEk95Jmu2h082VjqSNj8JVarTGiqL6m1wrh1OU2GjW3TWdMOnuGxmAXBUcPVolTSsCKfVKtPQKCHzbrAdkbokvnhv1z8eSfSv2NMJmPJPpX7GkmDodY4W9hqWa18qKLs1uNgDpxNhxnSJTD4VnBa4VB5TsbKDy0uWPzVBPdJs1BdyvVPNj1a+6t2/mHokWMxOcgAZUXRE4KP7sd5bifUBXhE1eqrWy01S37Jc39Odj9VpDESiZPi2/fp/01J6/xSfv1PspzPD0Gam+VSe3T9Hk1OM9xNFlppmBHbqb/AEU5BnTRVUNffxNt9hcC2vG2gv3iV8RWzWHAXt6+7h9fpkMTd57MjMi/Rp9lAhGcgmz2tbMR2b9kGy639R4TwpTvTbQgsQ+8IbZTpfUDta7u60jwuJClcy3y3sQbEXvpyIuTIalS4AAsBew377XJPE6D2SarZV8OGyrojGzBiV0TIzMAEAuosLE7zxGsUqNyCwZbahyy9sAXtp5dxyzd5trNUrEG4NjzGhlirjXYBSQNLaAAkEk2JG/UmanLDHrY1gewzDQjfqdfq7uUtNg2YC9jdVI7rqCFz/JYg3CkHfNXLq4y62sobs2Yj9lSo7gbHeR6xE5b9TELBV3dokAi4sBfu4n6vTMi7HLx7JvfdYM2/gB9k8rUrWzaDKveTpwH9908Sprp2ezYa/Ovqfb3S/KM3pZ9Va7W1BJ3DkW3j8JEgsHB07I/rWWGutiQFBU30tmPaHDfw3aSulcgW03W1F7ag6X9EXN9GWM8r6NP7tZBJ8Ye19Gn92sgnJoiIlCIiBFTksipyRzofRJB930J8HNTHU/Ga1TqaGuUgAu4G9hfRVvxN72OnGbXF9BNk5XFLaZNRVY5TWw7agE2yqqnhzm+8KLHD7HpUKXZRmoUTbT4MU2a3oJQX56ziVpiby91q5HgOl4DA7jOreDjYmGoYCptfE0xVKiqyKwDZUp3HZB0zswIvytu1vtujW1cLt5K2Hr4NKTIAVKkMQrXAZXyqVZSPQbjvEt5J1cUJnhYDjOqeCTYyLjMdh66JUNHKnbQMLrUqKSAb2vYTbdE+keGOPfZdLAUqVMNWTOCGZmpE3LApqDlO9jw9S8jHFiwG+Lzs2I27hNn7TGz6Oz6Q6ypSD1rjNetYiylT2Rn3ZgN9gJp/CfsmjS2ng2p01Xrmp9YoACsVrKL23XIax52jsY5iWEA8Z3Dp7tXDbKqUqtPAUalWorKGNkCqhBsLKdTnOo5Dfw13T7Z2Hx2y02rRpinUCo5tYXVmCOjW0YqTofm98k5r1cjB7J9K/Y0loVcq1BY3dQoPADOrN/SB6zOpbTwFIdHEqikgqGnQOfIua5qqCc1r7jMvBrgqT7IxTvTRmDYizMilhaihFiRcax2/THw3Q7ofW2k1RabpT6oISXDWOYsABYfNM1GyqdM16Qr5hR6xBVK3v1ebtbtd192vLWdm8DG0qdXCtTWgtNqXVo9QEFqzEE527IN9+8nfPh8f0npY/F4BEwdPDhcZRDZWVhUDVqYykBF00O+++JbbhkxR8IOH2etWn/s43XIesyl2QG4y2LX1tmuB3T5ihTzMAdBqSeSgXY+wGdL8LmEp08bg1poqBgLhVCg/CqNQN+k+i6f7QwezKlCv4hSq1Hzqp7KBFXLmNspBY5rbh6ZJyvhZHFKjNU1CnKPJABKqOQ/HjJWU0QGNzSbQgjLfmpHBhwPrE654Sko4jZNPHogR/gHQroctQgFbgDMtmvryEsbKShsvZVPFtSFSpUWm5NQgkmpqBmINgFO4b7W43mu3hjieIp5GK3vYkA8xwPsn2nRjoxs58PTxGOx3VNUL5aSsisArstzmDE3te9hvE+62DiMNtDZ+LxniVGlUIrK1lVrslK4e+UWNiPZvnLegvRj/aWINDrOrCoajG12KhlUhRuv2hqd3fG6mN5086BU8FQTGYWs1WgxUHMVJAcXVwygBlO7dxG++nx2FwDVBdCpOYIFLWYki4tfTWx430M+68I/SigaFPZODBNKgVV3N/8AKGVaYvq1iLluYFr6z4TA496ObLbtWvcX3G4I4g7xca2Y2tvl47hc1XqIVJUixBII5ETGSsTUe+gLtwFgCx5cBrM3smgGY82GlvmjiO8+wReX4SfqvEsdUGBZezYXIO4/un+x9pleJdLMIiJpHs8iIE+M8r6NP7tZBJ8Z5X0af3ayCQIiJQiIgRU5KRIqclkg7ZsHaOF21s5cBXqZK6qikXAfPTtlqqD5QNtR3kd80reBxluz41Agub9SQbet7CctImTuW0JJA4Ek/bM9bPlXf6614NMfRxuzKmyXcU6pWqqg2uUqXYMoPlFWY3HcOc2fQzo0uw1xGLxlen2lVRlvYKpJ+VYszEiygcON5xCZVKhbViTbmSfti8TXWPBBtDrsbtDEN2ety1LE7s1SoQPUCBNN0JYf7fc3067G6/8AqTnxEWjr9NdD6YsP+kKG+nX4PX1UpuPCy4O0dnWIPbXd/Hpzklpa2TUWnXou2irWpOxtuVXUk6b9BHU13Dwk9EH2k1AU61JHpip2XvdlYrci2thblxE03TvEUtnbKp7JWoHrMqKQN9g2d6hX5IJuAO/jYz5vws9JMNjqmGfDVC/VrVDHKy2LGnbygP2TunwvWHmfaZnjxuNWx27Y2zxtHYKYSlUVXCKhvrlqU6gbKwGovb2EGT9E9mDAbPxWGNelVqr1zuEIIRmpCyEHeezfUcd04Sjlb2JF9DYkXHLTfMMol6f6nZ2LwJYuiPGKaMFaoabikT2lsGDAX8tRpY77HXUXPzWP6GPs3G4FnrJUFTG0AAoIIC1qZuQd2+fCo5UhgSCDcEEgg8wRuMtHGhvjaSuTvdfg3PpK9lj3spJ5y9fdTfHSPDG4OOwViDoNx/8AFWS+HdwfFLEH4/cf4c5TVy37AIHJiCfaAL+yYAROPw12Lb9fL0boZSL9Vg+R+Ul9DJNl4nD7Y2SmDqV1o1qYRe1a+elazhSRmUqRe27NOPoPg3/fp/01J9l0cwex62EprjatSjWD1bsubK2ot8lh5GQcNxkvHIsrofRrZNPCbLxVGniFxFhiC7oAFDmkLroTuAHHjOd+CbYYxder/wBZrYcpSW3UVOrqOGbUZteyCq3Ft5Wbjb3SzA4TANs3ZpZ+sDK1QhrAP5bZmALORoLCw9QB5iptqND3RxlylrY9JMEKGLr0VqGqEqMOsJuW4kk8WuSCeYM1sRNspsIe2n7y/bFK4OQjn2SNxAvu4HQf/khk1PEW0YBgNBfeNOB327t32zPKX61K9o3OZjwQi/AaWA7vRIJJUqlt+4bgNAPQP775HLxmJaRETSERECfGeV9Gn92sgk+M8r6NP7tZ7QNK3bFS/wA1lA+sGQV4ly+H5VveT8sXw/Kt7yflgU4ly+H5VveT8sXw/Kt7yflga6nJZFTksQIiJQiIgIiICIiAiIgIiICIiAiSmjyNyACRY8bfjM1U2UADdfUL+0QNT6petTWKfFt+/T/pqSUMopLmUnt1PlW+TT7plUA6m+ly1O9tPO8BIX+KT9+p9lOSzKHWU/Nn3/0jrKfmz7/6SCJFT9ZT82ff/SOsp+bPv/pIJJSZR5S5vpW/tAz6yn5s+/8ApHWU/Nn3/wBI6xPNn3z+EdYnmz75/CA6yn5s+/8ApHWU/Nn3/wBI6xPNn3z+EdYnmz75/CA6yn5s+/8ApHWU/Nn3/wBJE5F9BYcr3+uYwJ+sp+bPv/pHWU/Nn3/0kEQLGOPb0Fhlp6b/APLWV5PjPK+jT+7WQQET2eShERAipyWRU5LJAiIlCIiAiIgIiICIiAiIgJlTW5A5n6uMxklLieQI9Z0+wmWfUWcO1wxN7uw3en0ji31Q9VQUOtso7zpUJ4nu5yLNlGnAIfWTm/uPZMKvkp+6f62nTtkZxZRQ1PKSFNkIJvbs9bcGwJ3Hlw7551aFAvWoCGY7qmoYKN+TeMv1yL9n+G3+uV5jk1FjxdfO0/ZU/JHi6+dp+yp+SV4mFWPF187T9lT8keLr52n7Kn5JXiBY8XXztP2VPyTJ8IBa9WnqAf8AM3EXHyJVk+L3r/Dp/wBIgZ+KC2bradrkf5m8AH9jvEx8XXztP2VPyTw/FD+I39KSCBY8XXztP2VPyR4uvnafsqfkleIFjxdfO0/ZU/JPOoHnU9lT8kgiBLiXBYkbrKBfiFULfuva8wVCd1vWQPt9Exlpm7JtYjskDQ2FiDpzuRrNcZqWozS32I4Dyl1Ht5gTGpTtc6WvbeD6Nx7p4KncPdH4TInsk82UaC24G+70j2y+URRETKoqclkVOSyQIiJQiIgIiICIiAiIgIiIGS2439UlRksQcxBtyB0v+MgiWXExap11BLdrXlbSe1q1NrXD6C29eZPLvlSJe9zExaNSnpo+ilfk8b6/XIbLzb2D8ZHEXlq49M8iJlUlLL8rN3Zbf3knwXz/AOWV4kFj4L5/8slqVKLWuKmiquhXgLSlEC41SllCgVNGLXOXiAP7SP4L5/8ALK8QLHwXz/5ZC1r6buF98xiAiIlGYK8QfeH5ZkrqNQG94flkUS6ifrKe/I3oz6f03+uePUU/JOm4BhYfyyGI7UxmSvAH3gf9MwiJBXR5JniJlozxniI0x7nnoaIlR7mjNEQGaM0RAZozREBmjNEQGaM0RAZozREBmjNEQGaM0RAZozREBmjNEQGaM0RAXjNEQGaM0RAZozREBmjNEQGaM0RA/9k=')
INSERT [dbo].[SUBJECT] ([SUBJECTNO], [TITLE], [DESCRIPTION], [CATEGORYNO], [STATUS], [IMAGE]) VALUES (5, N'OJT202', N'On the job training', 2, 1, N'data:image/png;base64,iVBORw0KGgoAAAANSUhEUgAAATYAAACjCAMAAAA3vsLfAAABd1BMVEX3+/1twNm13elB2bUQYnvs//vX9/AZlbuH6NHz+OUAAAD7///w//9vw92IoawcSl295vKvs7jj5urHy9ALEzEAACfT19uOkptJgZRRiaEAPlMZTGNripYSSGH7/+xGiaLp69mdoaijsbRksMcJDxGLj4zGy7//8G5mamonQ0tBgZo8aXdmtMxjp5yM8djAwLM0OEIYHSxZnbFugIONop+NrbkAAAuDl5acwM2pwLsTIiY9QUqmy9hrxLIARmVPm7bf4M8vU15AzKl73cdLlK5QVFmjp6FDdYUrS1V2ybgVJSoXjLU3n4w8uJsAABcshIna5+acoJtfn5Z7f35rtqkwkI0fcZEldosfbY0YgaotgYM+waEqd4I0lYhhcXhzhopcYG16op9sfIxrjY61v8JylqBCdHdUjYnGul/G2eHt3WG2sn6xs5TAt2ifo5PbzmWzsov/8l+TilYbIC6ZmHkAFSvAtV8AAB0AJTZMgIA5Z28PL00PADHQK6SiAAARgElEQVR4nO3d+UPaWB4AcFm0i4FsR9lRnCoiIMoVLDq6g4OCKCjTuoj0nI4ulRm102PcTrc7nf3j910JL8lL8qKJKPL9oUKumk/f8X0vR4e8Smw9fvTk1dMXP/z1SjH91V+cj2+Gb1gMeTWx9ejJs6dXoLujbJju5fMXAzaTYLLBePzkcnJ3nA3KvXxuv7YO2EA8ema3yA3YcJF7ZQ9uwEbix5dPB2ya4GADPetL/hI3YKNLHHdVHbCp4jFnrzpg08RPXE3cgE0bW684Chw/mw3fW80G0jjrAsfPdvSPu8Lm3XpmVeC42Y7vrXC73XY2r/eJRZfKy3Z87x6/2+1nA12qE2xQjd+NyfbN/d6FfTbvlqkbHxtW43ZjsZX/8lXv4hJsXq9Zj8rFtnzvni03BtvG67/1MC7F5n1p7MbD1lXjdNOzPQj6exmXY/P+ZNgxcLDRanxuDDb/UE/jcmzGbtZsajUut75h8z4ycLNk06rxuPUPm5GbFZtejcOtj9gM3CzYWGrWbv3E5v2J1Z+as7HVLN36io2Zh5iyGalZufUXm/eVPTZjNQu3PmPzPrPDZqZm7tZvbPrxqTGbuZqpW7+xeR9ru1NDNis1M7e+Y9N1p0Zs1mombv3Hpu0WDNh41Izd+pBN07yx2fjUDN36kE0zWmCy8aoZufUjm7qastj41Qzc+pJNVU0ZbHbU2G59yeZ99IMZmz01plt/stGDBS3bV0c21e6NLN8VNirp1ZW279dssn337V1h8740qaQ23b77Vt86crK5d8XFJbatp8Zs9txYapxs45MuRUf/lznD5n1iloDYcGOq8bH5//X1392J1XG32JQkhJnucrux1TjZJve/dincqqTd4sYeXHG6GahxVlL/hEsx5FolVVo3g6E8l5uRWq+7BMZf5RSb3JkaTRxxuBmq9W0CAuLHF+bTlJZuxmr9zEaGCsaT4hZuJmp9zYZHpiaXYEzdzNT6ms373ILNzM1Urb/ZXlqxGbuZq/U3GxrQm9/MYOBmodbfbKiWWtw6w3SzUutztifWbCw3SzUH092byAZrqeVtgTo3azXewVXQOsYdgnOSDdZS65tQNW4capxD+defrQfl+/rJjN6z/ZPrlmeVG4+agxNHqxM3kA1kvDw32FNuXGq8bducdQRvYiXdesH3OIfixqfm5AyIM2rOsnmfcj48RNw41fo8AYGNG+ejasiNV63v2R5xPxj5/doIt1rfsz1+wf0Y7vfL3Gp9z+Z9fk2vGDBgc3owcF1sT3vGBrHGg50xEMGJ8SGX7Rxme9UTNmA0PrbSzBYrFZ/PV6kUW9n2XHDIRTmH2Z70gM3vn5hrFn2STxVSJdseG3dLzmG2R9fO5h8aaxc1ZLKcL7s24Q6c02yvr5cNoDUrbDQsVzxxajzlJtvj62XzjzW1lVMPt+bUbJF7bFvXyeYfPzEraQpca85xN4fZvNfI5h/LqtEkX6VYbLWKexUNXOXE6QJ3e9n8k3RPIFVa7ZVoZ6IBItiJtkHXSoM2r/QmB/fZrq8nPaFdsu1OI4BiZAT/nIg297qsUnFu7PLh2v1tSvzsghqLbehEMZEqzegI9FIFkAuudcsjcHOynt5Stpmumq8Z1ZnJco2TLlzFSTfH2a6nkv4iKaVobYSNhuE6pwpvccw5tymnI+RCzGjVyopaM2iMhuBG1pR+tehc5ivehtCyzSgl6KRhrgbhonJFlbIOXe4bGvLchtCwbewpagatmtot2JLdTpwqbr0W4QoN26mkqFmjqdwc6xZ6LcIVarb7StnRq7FLXyAoJ78th6ppr0W4QsUmV1HplKH2/pztFq04W017LcIVKrYvpLC1WL3BWc4ghVuTszdnetNei3DFDKOwVaKMwnb+5leD5i7QlJwsbr0W4YoZfWFjNWwjgc7FWcOArUO49xwpbr0W4YoZfWErTrDY3l68YTduYB0Zjklrd5HtvnzyLLXAu4WLqhHbBOlNWxPjduP2s5EmSlfY4FxR4/3CwsKHDp4+0ru1SV8yOcFx26Uqbj0bqaNSO0BxIbLO218/LKB491v0XFlORZAkIW0Hpil7LcIVXTYyhq+MEbZGFMfk2cXFxQKJi4s3/44ygowunEh5ey3CFV02cuZZVeWElfL8u9/O3mC0N+/eds4Zpc2/QmqpAxNIvRbhii5bi9QzXeMFXc5/A2pvqudGjVuQ1PCVu8a2QZonRqoLXRpnCwvvTSZFsnLjdsfYZnA122MlbdANFLeOyVxvG7Nlr6x2y9jS2qZN49K5+GAwSkCrSeNWvHqf0GsRrlDY/sDn3TRKaY3HpGh11LHhfK9FuEJhIx2pvkeQYc7emrF1Kk51pb0W4Qp+tt9NmjYwvtpznw1f/dB/9pDP1CUS9p6a6yjqtaoDszZjsjUt2Axmd+WVDTIsjbrFJoqxVGh6OjSbgech5mdh4FUx9DnjmVViM6M+W7QwL27PqoIc2LOZmp6eTm160IFjs9qIXYnNNFxnEzePcpEwiEi1BuDE6QiIHDojMQU/l2ZjuYgcperxNuWG19TE+Qgd8t7zpVFw3NHSfAqW2FBEGylGeXOKTZ4EGXNnTCqmcuDMUITDB5uiOA2+hXOoUIkpuDiyncmRLdBGiVr3bGNwTTgkznc3IHuLmeWIvDAcOQJLQvQ2KFKMesrdtlmwyYP5ySvfOsNU26ZIRsPzGcyWEIS0KLMJQoI+2XBpVjlbzLYkaNgEoeY5VC1a9jDY9uMFnRtvAmLFRnrSSseV0obLCaihuGiEl2LGbLAmo5+HSnlTsYXlAHvXXoflXbBW2hMKd7/hj/uCCdsv5ukuJcQclEbJIMOVvE3chCLhxCdBWCrBTwfCkQFbeF0QVhfROVcF2Y1mCx98fkgiLnwq4S13Pu5UEWluPx8K7T98+DU6JNryo2lpI3O7RatbGALB31mzv2Rw5cDMEYsthcuYEI8LS7ig7Bix7QhxQTgI40qYYbDNww1ggIMtIqtF9BV//pwUPeDLKj5kHG4aNyttG/i8fWbZGQLKsQZZgaabY1LCBk8vubu+tL6+ZMpWLxAfISQy2eQQcpgX6Qgl+A+yKGyr2NBmJmwzJF9dsWL7dUF/KUbJP9yZARE35co0HBPFGjxHQzZQSWMptPmnuFxLNWzCs00YGXE7IpfPZF70HM2D2BGSMMWVD5k0yHi7821Njj4Bzrx9uHivm3STh6SSAzeCMNg8nnnSdI8mDqY3zdhGE7lcDm46CjUYpW00UiKREkOkpxTqKJHxoKoLazbFxvx1KDbSJ1SC2msJVJzn0FWFd2876rX+tryzO2xUAgIatiNwYqY9KfjzYBVWvRiDTYlZnGyAqijk0XZiGjVyedEOG2nclOt9DcYlg98/oMsKF2/OJlXLJ4uONW0G6e72/GhYkTs0ydtI9hCOLKKVJmyf6usym7xdHoa90vaAzIpnG8alDV7FWlg4i2quJ8iXEpyYEzcaXMWEQzS6QjRHhmzhXLVaTSC4w7R53rYqfERHWyU41NDdBpty065ppxAIvLvQ3QfdyDo222ZQSUHkQf35eIhFcp9em3QJJJkYvZ8hCuq8DfTEKFbjqySvQTjiNgxSXW2wySlI1mQWF86O625qCKyQPZtXR2P3pIsHINJlKHKIKxbsEkYN8zahhBMW1GHqe1Ilb0N7zGOczAHsJw5ts8l9qY91N0PXqPMfrVqDVG+fIzdUstgOYKVaEz2hckHAFWsJ/fgM2ERxGX4uKWxCaGoYfTxMwAAj8VhulJHuCkLhgBwFlsoaKnrTIjU7wMf2gJw9896Zbo3UJsTynTOgQ7A5IOUdk6KWbDSSfgYyuANc2nD9Ki3NbKaWUfaVo/K2zWOc/ZfCqB0Un6It9pXSlorBYhjzkAwksp7a3K6hXK/0uV6315OCIM+nSadmtVT7rEL3dsojRx4eYrGlIuj8EtVqKUyMqrhziJTI6H5HztsSiVwJL/qEspbI/HGCNISoSyglSBxkxAzJB0sJsgsciMTssil316/5TeFUahOkikqXKWy8822H8pTEKGnF45/pXAKNkJS8jSyq4gaQLICu+vk21YQU3CWOxu322JQbxStzvPNHgYbcIlYcehKG9VuSuklODpSJuFCuRahFidV4XDPfBhYJ3b3Ch2AfDds3yZA4S89tQjU0srDJpjyWUGRfnNerBWRpxx5MYP6aYuwoocyTrcOzy4u1AzkHKx3CQbegbCEvEv57HCFfd+DX+TAdqB8WNxdL8ne0TZ3kbXD+nZet++gQn1ugoTzX1ppw9bkEMQOStvlqdX7xE0oddkEDdF/YmT+oHhwuCUht+/XPR4s4dh7iRTHP/g7caR3tk6xNLy92Y2cVDvXFWWHpUDmKIOArPNvH02CLfV42eZIXuHHU00BDefzDuYf82L8nKG/KNBn4sItOLi1Qi/IgdSgL9BK4KNb9ngRZc0igAs+QoDya5HFCPYOdwLHQBpxsD4rK096VE5Pn+7Bap/to+LFjj6oZsMFzrpMTTObJyeVlp0INXq4TdymUOl7kIbYF1Gap2MigVfTUyL9IPURdPMV/E2fbJrXkp4HQI35mV5QD3UdxpROn0MwvL2fyU6GpvIe6ruzJ58ES+bJoJiZHRtkIbDIV2o7hr90NyFbkMLF8KJRXX1ylNzBn2wBkUlZ5Wk0qrjWM4AKBTtOnbHjq2PN9Fjcz6CcN1UuYl9J1F/D1WzEmIw2vyGvZNlAuIVEPwkutFRZcAD6D233hBVBz8OllU7abEjQb6Q6krFJPIVxbfX84esfACv0+GmfVbh3bF6WlatFvAYEvgooGG/L020RnRf1GC98J4z90cZNNrjuaWqSpl8omyjpR3kekdhapXdnHtWD7k5LaO/Wpo9LKNtvtdrOZ1bxfSypOOvz6FEu12FQe3+QCp2K7PV+e3iY/hbpRuEWMrIN/4H3gWD0m/0RHwnbguKLuuBZsMzSVtDZn8CotTVzx5SmXeC5BTNdDuzAvEMvldLp7o0dGoE61UKuhEXk8nU5PgZ8FOC0XB/tMpcv1NPySBDuDlETchXlzEm6bF2ppmOzKq7jYQOrhO5XfGADyCX/w1PolR1IxOda5xLQHFXbZxDy8BleD6X05Rt+jVqspOZYYqoGUAqIUyI1vcDZILMBVYj6NliQzeE25PiWKu/BSjQBX1jEibyWFqYfSh0rNcfjGO6tXakl7J04NqGywpVGhgqdXztMZRFysy0kWGFDkMUoBt1dgVdyD2GCGjJYQGyAWz0A2yEmaP342nHqQPlTKYg3/0JzJC9ykYjvoynvvLNhQyQBIgK1QL8iVCWqElJolxsrxNOKq1wuwBSt4tnfVbLt4Z3C4WB2xTdVIDyGv4mCTR6LSHvDrvtMDvi6wxTSrNOdcelkgV2nL1DWVVEwXksk6ndOG0lQlBaVuN1+n2eRKCsTSIXgktBx2DvIqa7Yv3TJVOVXNm6EXemaLFamb24JetQlf6umKmTVbDFKUQ7iSdhcLuHbhLzU4ht9Vs3kKcQM2UCZhlwC6A9hw8lfS+3RBqvxPAwIK1cRYdAUmHzAJWRkLjjN7wOthA+19PF1HJWOXyj6mwBL0B4oM6EFxT1oul2ukE80LKrYk6IiJUQZtG4uXd+vUKiu2GfpVdtKXGdb/zmGRNFwjGxya49kdepid8dBLQLHJo+Y9A4OsEDOqTXVrwE64tMqrzNk29ughwR89fzm2FZtmPGCwCcc2V9lpZkM1kGpu3AK2GxB/ntJqrY3ev4q91yJc8YVOzPY2hgdsXJGlO1GUjQzYOIJmKw8P2DijyyZ9GR6w8YbCBlIPYzbbb0Xp99enyGww9TBms/1WlH5/fUqWSj1MKunV5iKdnKa8GZGlUo9B28YdWSr1GLBxR5ZKPQZs3AHZpF+GB2z2IgsvDz8YsNmMrE/KbgwP2GxGVtpTqw3YeCJb0agN2HiieX94wGY//tSqDdh4Qvf/JQzYeGLAdqkYsF0qBmyXihvH9n/UNPP4ScAWggAAAABJRU5ErkJggg==')
INSERT [dbo].[SUBJECT] ([SUBJECTNO], [TITLE], [DESCRIPTION], [CATEGORYNO], [STATUS], [IMAGE]) VALUES (6, N'ENW492c', N'Writing Research Papers', 2, 1, N'data:image/png;base64,iVBORw0KGgoAAAANSUhEUgAAATEAAAClCAMAAAADOzq7AAACHFBMVEUWHD7wQE0WHD+EwPz3wEEUGTcrKigXHT4QFzwVGz4AAC0AADIAEj4VGzz/0mdRVGmPlKKLcDf8xz/5vjf42517Yz4AADAAACv8Q08KEjgOGj5IIz9TZ3r3j5KrqrT2RFEAACiAuO5ljrsLADHyOEuKxv8AGUAAACVSeqIPDC6eMUeMy/8AADcVEzc9XoEAAECzN0m9N0g1RmwAACB3eYcjID0AADwAGzt8vv4XG0VHSmAAAEUAABeGiJUAABAmLVYAAACtra0YGBXO4f1YWmyws78uMUgXHjYoLUsAGEWx0/3zbHb1wselp7j3qK2+Slr85bnotkJmans8QVUAHjo2OFVYW2rAw83V6f88Nj6byP0qIz1eJ0WPLkbIn0DwVl+JpcuZkTutk1AMHjFvco2Zmq6nkzGhgEfNsTdJOEVLQ0EWF0tAPzKYhlHcuTy3ikyxiDhfXUVxaj7T191sWj0qKTlmhbZGSVaxsshTUjxrb5MoKlmQlppER2YzQ3AqVXhmKUWHiqXRPEgtQ1jYyNJ3dDVubnUxEjN5XmynjppaPFOKiYlSUVCULkb1KjTtRkQrBzju8/bNu5e208vos730paDzi5b1PVz64t9YKEDzfobixHOypLr3urGnNz3/6LDw04LSyrhlTURqkKT65s/Xpqvfv3+bimXRzt3Wt1A0PD8PGglCQB5eKD3/3XU7IzWPrMlRZ5z/vFKTN0VpBrNCAAAgAElEQVR4nO19jV8bR5qmKOhU9VfUweNuVXsjBAbJmMZAkGhadtshqNXCtrxxCyFhBydjoyRjdnzZYMfODp612VnndhPbl7nMZDJ7mclkPy6Zu0n24x+8t7pbQoBAyGZmf7c/PTa0JFCr+um3nnrft94qIi7XRUeIcAhFujggLIL4CMcjHnVxIEQCG8MId3FAAGvAWKTbKztBl7FO0WWsU3QZ6xRdxjpFl7FO0WWsU3QZ6xRdxjpFl7FO0WWsU3QZ6xRdxjpFl7FO0WWsU3QZ6xRdxjpFl7FO0WWsU3QZ6xRdxjpFl7FO0WWsU3QZ6xRdxjpFl7FO0WWsU3QZ6xRdxjrFczPG6/iw2vKfANey3A7f8ryM8ZjS53j7fzYQ7vjin5cxGq3k1V2v/n9jdu643ulbnpsxb8PxNJcPn2Kej7i8a8ns9vHwH8sdnpCdiQ8h821/nZXBRRCCe4R5eB88gE9kRZf+W6E1MjyXsf9yhA9exZzFI4tjl336h6dd/5WIfFAWOmNst+1Qz56Obwhc+JS3XB6v8W6EYMviOMvnriO43KgcluiOc+Pt3o2pKIqUR0QUDQnzRDVEKSITVdNAK4gqquxngqBSiyeiqlGfMsS52IWmwUPj+gy7JguRAzf0+W3M1lLpilg/3Y2J0yaWT0uLRJowreTMRKfCyhdeaUK73ybRuY0Nj9JcfCPuURKNbxQ9Oh4tKsU01bO1Wm2VclF2IHLwjDGGLXeNuBajauJt38b4G5gcVEkOwhihqkoJnNc/bu8pwJhQqmRJ+BQtvPPuzbUfvfuOMXH93WXp5rvXZyjZfcZ9cPzEWBPavRcTSZIIj2RCJQsjnkqShWSeyITHnCxzozsqy2XGC+bW/kK2MHs482OVfYRlWjcP2sx2jIE0qOW0oqSjopb34JgD0wahqPNGvbRX4RrDpX7z1n+7PHPrvcu3j/a9d/n0rXf6by8vM/OXEc/Bu9qb/uiJkd46RnqtNnc+qOcF+eKYnvGsBhoeMR1jyoVZGTnPRC0slfbVLMJz0l9eN7AFSomPswPC0jvvS22bFqANYxxow1wxHY16ihMvpnNRr1bJUdau8Beot66k4CPrv2/N0FuXb0281N9/dOJW37en2YMkuzS4GJ0cYOlAE2OzvYMdj2QHhHH0vRuWDJcRgFx/f+aQeqWQStyvJSiBjhktToPlU9UtntU0Ur8UK79kIF6uE4jAJbx69Ko5c/v2DFc4eseSbt9OMp8Ho1Eh+lBr77ttMQadsvfA6tIpjK9/L5E6rDtHZ9pZcwP7McZHVKVSWbcNsHsZlFPVOQ5bqXWnUsnXuxfHUxi6Ub2T6nDb9OSCi5NrnCUvmByvm5Z/ftW2C9GlotCuQQ3GRj44d2rQPOBldApM9LUsIAqAAzJ51N6TCbAPY0C6GBenS4poqDCG392AwRqGcmvu7Fklu293aXG7EJ0uE1oQBFDpppf5CBOe5gbUGRsZ1HjuOLfzPMHpmQKxR+xUvoJHfAcM44MaCpbFXEWpw7FFSz6cXinGMckq5ZrjOF5WybNjWnJENb4/Yy1AvSJFSLAVbVvDQdzgWpsb27CxwePjo6iJMdz4xuQ1VET2nGfuK0Jg/8wL5Q/kK/H5bNpmBqAyY/CUu4VD8i7EeIZElcL9lJDJZuOFbCKFo9bcszAmZzIaH6F8gW/mB0mJLKdaLRkb+eCVE4O+X8neBwedMgcHyMe8BM4EjtAIc3UIyEKEUtBYpKqajA+0ME2wi7UNkY2fMGoJdlypJeAsByK7HWMFYExOKxt2ObuhgXdh35UcFRjzvRc2gIdXG+hAMK77YQ7jo+nEPFmqUR6ct2BcJTB0RrCoek7cUfIJcDyYk7CNsd6RkZHBwEmiqzgi69kcRQVPpGmq2sxDlVdVr6zz0ShBYME1xRXsWo0wiwUiZA7BeA79F3ouGCpqdDqEyYwhzUBLHA3aD8Bi8Y6XNoyZmZYa0DljWSWbjma91bsbJTub9dLSnKoWA8aQHISN0EiZNckP31iEh2XoN3xzB0Eki5cUIUqCnoRl3jIEu2LnVbrkOPfPcHoovc3+WK/PGI9FJUOwphRFkq9E1Y2Elxans1RWEnZJFmpFlZZqmpBHqjI6zbwYOJOmcfyoCMEbDOscNRLwctCjEWct//id67cTzplKCrFujLnEvTOViQ9/eP2HPzpIz2mvY1FFGC3nM4moktDy+YzGeiVjjN0/BEMz62Y8+IqEncYiyGcMbMo3oy3GEE8KZRI61hhTLT9X8USRIIskChv+Qx35jI1tObC9ln9fRKVASHlOiXLgTJcUTSmof2UXiKKlS1w2Hi9LnqfdV6JavFbTwE3l0bnBsZ+cOXHlxCgaHCzDGT9IjTPTC26uu3znzjkxvVHM675Z827cTqcyV/N38EHGywPYmB114hvOw5KSvVdUnJoR2BiCCDBPcD7P0hVgT5m8TDFhTymPCV8o5JmimMngtiVNnuU1zEX2YTyvqjmnCIbFs27N88TQmLmJzFujJ8agO46wPgm9Umc9HRhzCbXTS/FE2T5Ti2ueraaUMlXO2GVV8XLFRKk2KjxKC4rGbIxD5NTQ0OC5sVNjP31raOitn4799cgrpwpBWgS6hWVZrozhE4saaw0S7W8UbU2XbxzMJTuI8quaqgrgwQowrmgJK2AM2CnWCrhWLFtKKl0WnYfFrJSNP8wKCpGURNRZBUlZfGPyAfymm5lckTnLXVw5meEsrGZsEC+BY9aJ6GjEAsGBAcspLmkELPGvIQL/t7FBPxL3LzKi2coqlxbV1ULBk6hHxbRS8xLiak1RC6uikS7QXK32UEvYtYcwILOTHgcrGzoDIaqFB8c+gAeD5cB+ELY4Dm6xzIulSt4iEL3JlawGYsdZh6P8GT2qSLpFZQ78MZkFuJYjMMY4q1AbJVI0TdFGws4bG9OjRTFqZwuiU5tW1IQ9Ksu83BPrOabj5FQstmKi5EosNpXEqr3uqarldwiZ5nJa0FepVla+yXOsP5PU0MhgYZQEP4Dm0QS1KBscg7ESSVSTSmltVAOLBn44TMFL4JGkCti3JOyOn3uFcvSVgswV4AF5pbA70KYlJ8XxllBcMg4k+R0wdtaN5spiSTkL41I5ITqhjanlokujq5QEjBmqgqMbXklU7j5URHjCRyy3Z3jgjSQ2Nwdij83x5MnYwKbk8mXFSSfUILnH5zecUoI5CalC3PEwuzDwq6BHDo3WOwlL/+EgiPb1G8YZjBPOxb+hwZDLlAv5rjDr4uxdIKpwv3QYX8DQIe5A4y0UyjU8B61NO2mVP0zGsJ6tVBxFiVcgNnI2NuKV4pwqMB0j2VI6Jy2lqRF/tZYxNlJRxVjyVE4tJlYrqqpESISYDzZXkq6lH9s8abkWZ01uHlu0kC7qG+s1XWOjBOKNvOMQIRWtrN8VKS+zmF1WB0fGTjXFoNB18FYkAWEsL62+POAYsu/qM7cKCGUJWCDMH4pZHsNPXWBOZgHCru0DeIMg1yhXzjpRgzkc6MABbHsdK9jTzDNO5ZSEIErqdBbsAzxYTDjFpqSUlaWlYo6C1NhCJK8o2YTHSfc5kvNNwkyawSHpexW6PxDgiJT2ohWnJErgLiEyfa4SryiasxVzytYHpwQ25IL7Asq/s4XAn/ar4Scvpw236SdyoO1+5LXvNbu8xU1cv+kiKbqeXveoTL5/e+JQIvGAMV4IwhhqINZlEKGWCIzBXdME8BQJliWVgr8tMtFl7gIng4OKfAupO7gNAwlDHZr2JjTohemMqFMxuxFfT4kJp5GWRBwWxjEmlIKCSpQZz7ZmQZ+89+ebm8M/k/Wm1/yA0ze3Nm4/RjfWrh89vUiIczd31ymAnd++Tg4hEoebBb1SopJEQ5DwmIBInPdbB2OPzCyBczFLGgIzHPO0I6E7ira1HTeOUvoRxa5hsTETxsjo9JyKNafeDYEg8IAtmvO8fNnLeRzZ0UJO8jYSSUkqxZujVEQpCw10q50fyrun//bohMsRHBepWMzDTT79ly8dTkZRddKe9+iRx8AOS8FDr5LVLeJ7UmBkPCiFLFssMvFncVCQRJD9vLEMX4jn+aY7CAotrXo0smAm1Y/++/rf/f3xZKJi6GBjOiFBYoPdikhh/eOPP/lk4+OPF3dO9PC0kr2fzWbLTi4ZviSrQt5bnRlfvnlz2ZiQ2Biw1TfB9mQ23SKHfn8EWRLPW5pWnNZSRcsgsrvWmA5rlybenzGaswFp21Yq8M1+uM6+s1euZu5cxQTMi+MKAfA4M/em98r4nI9CYXz7SfE4n3yUTnz0eLOnp+fJZ09jcLi48j/O3huXXbN+BrjIwtyrr73wwmuv3Yx/j3dOLlQ2WJYGBqK69hlOfP3Tn1/r6zvS19d/7ejEjIUijVhSPhc2BXGNacJIZHy9sl755pv1/7met/xgYOtHz85YBLqkdCwWG37zF8PwffjLJz3wHTAQi02aliAIojEYuOhjPxHw9kTXqbGRsTH4GtqRRcQ4mSx89rMLT4aHe3qGPxvo6Yk9ufj5Ly7+3XQSNabbcIQU5oAwwO9/27+83Zuif/bLGLQHmhKvzy670w9//jpjy//fd+tvjeRWLl0bCidaToxuKQM/Pj/rh2Kz83nfp2lo7f6K1oYxkCXzWGyg58Kl4VjP8PDFJ3B9DAM9sUkpWywW43Pz81X4Nz//jZfYdqLxU0GAODJ0fMddMxcff/50+NLFX74Ze/rkIpx2+MKvLl54Evt8xU3ixhCB8KOQsdeP7GBM+rOXY34zYnUhw8bpd3/7ok8W0Mbw7R3a6JejH4SB6ommO8KPV2dHWOw6UoV4V1IlNjaz+bI2k1/tGANv+qPY8JMLv3jCjOviE9/C/NZOiul0qXS/zGzsCmCsktpWtBIyBq7o8WZpwJHkF5uxpwM9w09+ffHShSdfft7z8sVfXHziE7D5RhIcPTaDCN6V/PsXAvxD3y4bezm4cT0BYzxvPLrW94OQKx/9fZc/lOoeQ2JoZCRgbLSphYGN9c7Ozme0rO1siBBACNyjWiW672xEG8YQiTr/68tLX168eOmzS5c++9Wlzz679OUvGWUDk2rak4iWrgLmGTnVc+MtGGM21vSqa5mPBwIDAeN689KXv7r05a97nlwM7kLP05WFG/4oAaNKvVfe+LYFY8HvDwQ6hsVVoKuZMMbZ5dv1+SFtKMyEnxhtujSpen6e4fynG07No46UKqSLjn1/SdldSHJwxqBz5/9+YODpmwNvMoTfexqMQVw9ONI75jeoul2wWjOGFieBL/964dvT2Oe/vjA8HGsw9nnsNxMuu05w2OuMLbfQsW2MwUD3uyN9l/t24aa0i7EtjULj1Stjfueo5ohARUW556RLoihRR9hP/NsyxuvHYj3h9UC/GX4aPgoYK5TzV0b8DwbGek81K1ZrxszJgfrZ/DOxkRLOf6F+2p7hySQfCcfKvXRsB2OIlP+hoV/9/Q0jO3I5dGr2YCzolb7yg7tcqlBBIv50UHY/JWtbReAzVpf7gS30MMYEW9mYDzDYW50dLOjYqke1LRhDJLlSP9kw2FNsc3NqcnIK4vQGjT0DsZOLjDHMk1DGfv96GxvjksuhdvXdeu/oS9dC0vov3wnftpeNzfbOhoyB76hVRAjHIK6RPNvYx8XogLHNk5PNWBHTnkGF1GA9ZVqdHRvSuMa8327GLG7hAdP8Ov8rHyXN5AJ8JY9N9fQ0OPueJV7Bu8Afv3AwHZNn3g+s6sitzIRkzCxf62cW9621wO/DWIRWzweo5i0qiqVKVALKSILPVVR+bys7OGMDU8ntgOCQypbVxFjv2KnxfRiT9WOgVGH37nmQNLELvrllca65kHlc75bjpt8r5S0d+6qNjUVmfnck6JBHJQyhGlkDyvqvnTbrTWmt/OMNxjJqTnGK6bgoiePwyHYK+mEw1jO1wKaKmL1C8BPh8Gg6nc9zpu/BjoCzWmUz/wt4b8a45FRDD6cyJtuSkKW1MLIgcDKPTcWg1/dc1X0/uEn52+pYRKyE/fDrBVnmLdea+bb/+mkOyVs2NsLKOGZP0K1aGaZjwd2uFh0lxydS62c9GCvvatB59gkyO7Ex02K5O4sQi4FY4MF+o96vVgMhq54fZPRM18+2mzH9jbBHDg+cNPUdsRMiiydjw5uZsG6A+fwbrx1Mx7C68WLA2NsTlgU0YbJ81LC2fn/0g5He89Xqp586V8WwaJIVMtaVv3pXECjWxXjFLgmGhDgcNw5DxxhjEFQLgtqA+Oq9R87gyGyAoLzkVJ2f3YyZmz0DoYWZFrejZhe65+LjzQyt+/yg/AFhLyz/oI2NWeTD+vD4NfVL5/hksnkiWf3gfPV8L3TCf7ynTAdFIk2M9c7nJZ2KWqmiJCxEqIa89dTh6JhpYZKPx+Nz8QBpcWn94Zbyh1OMdSHbxZj+RWhisc1F3uWt7Z8D3clNwr9GlLTlwb7bRvktLnM58C0u9982WDTpq+PW76eK1ZFZEI3qiVe9e5rfvmYbm8+LBeiP8fI3CUMtpe85j5SlHa07AGNI5uSg2rZJ+RFHc0q+XEcxsbqUIoONycWQoBTbz5LntzMmIzk5GYrY02PAfWRHaQgotiVb2NrNWFsd46yZ61/VrezoBFgZ4bl6lgLxnJSb7x05Pz87NlYURa+mMi3jecLNh02eT8eLdimhqo5nO8VHnCBZzt5u/16M8TisIGkwNjwJbgBdsg1KBVEUk0mWjyN8g7HBer3EKxyb4d3BGNZlczM0scmki9rmSZtyF+10zF3TX/invlD8+9+ZkHFTTpGX9VRl/cpslTVvPSEo39w9Pj4+TikdnQ9u88h8+k5ChLBd8io5IlLEy6lKqmPGOEI0//UmD3YT8OtLm5t//s+AzcdmXGVz33XGztXnsgepa+1iLMJHrobnib1hIo6I+6ehWO7ik1DHftvGxngZTbz0ej2s7H9vYq35RFhasodA9nuhofPx9X884ZwKEdrYYLVEdYQxZ+UrGu+nAVQluqeQ7cUYm8A1WC6iibFhGPwvvDwc86NLsJQ4q7AOGZsd0xpFOSxDsMvGIvqDuidsjmOSjWv7JlVYZULI2J12HiyrYZi4thUdfSs2OQcIacU7H4ycr/o43zvWWwVPyHeI6spfrYlsrOaIVsmv+QWVeqm4Z2y5p46RrFMpzSDmdtYZY7jwcgwi52H4mtSBMbxlY6PCYChmYz9lqwt22Bg2T4ZXOWnyiOScSh7GcRjJ+cjOrZBZlSi3lbt44V/aebAAy7j8Yp2yI5eXpYZbiJEwpwFj4PvMAm1jY7PrTS53oPwVlXmZfES0bT85hpDgqPoemcU9dYxklelKWpUjOxnr+fKij79L7mBM/mlIUe+gwLloB2PInIwFhroCvrieszMVT0MwpkVa7YbMSjm2crDtPNiIn7/4+Q+OBHZ2+Uj/hxN150WOiM70UO/587PgXgBLI73VXYzFC8H8AliJwN6GsMjmsFsr7T42pgiaskGR3MzYMPRKhlhseHInY3xTv1Txzl6JFqeCLNHAA2CM5mwxpdREnjfNZAvgpvxYW+X328sn7/w8zCmyzHXDg0WyEc8DY59Cn5ztHblSnd3NWNoOu7FaKfjFDRxrX4eMAd+KmCoqlMjbbeyXLA0LrzyZFItiJNLMGHe87puNvQJStYuxUPgf+L3SFgXHVsGCT7bAChvsuIN6sAy8a5Hxf+lvZBX735nhg1k7TlpShqrz1d6RKisYqo7V5WukwVimosn+hLQY96hvYyTj7DU07a38WSVR8VJ4S/mZicQuXLzEMDx86Z+Lc0akofyMMXf8lZHAMRt56zjZwRhvBowFNkaidqFyV0VIfyPWAptJZmNhlHTmWrscbMOa3n7xSOhl/HvfdbAy35lF05V5cGAHgazB2flPP62b2Fg4VgJjjsExx5cnuXCqBYtz5T2Wa+ypY3ypUrmjom3eBfu/6fsYF9+8eHJxIbLNxiDwEcIkwezYiePbGYuQUMd6mI4hPeo44xCKM8Z6dmMzKW95sMs/OECvZJdicRP/+/WtvOLfnub8qVPeylZnR66AaYGPsV6dDwbKEdZBg6bPFzxbDYpRU98kguk3mk5LrY1sb8YKtRQLwVCDsUmaNCXTlJI0KarxdX/KaluvhGFOGAzFf+wc3c6YnjwZMnbSRIjcV1KIzar7jA3sZiwS6UzHWFNuWNbE7ddfrE+NQMTkD4EYC/9aHZytXhmpDv30m3+s/FXdH6sL2nz+uBOolpVywvwrV4gbndkY+ENCUARcZwzCZ7Zk0i8ewUhLR/0y1ybG2Hw490owgQT9MnVqZGQ2YMwvNDAfNOJTGSMiECzvZWMDmwusHO/jA+ZgQyC2cFK8ebmhZZevupbLqn0EFomfr87Pv+WkHW/u6igh7P9WJK46YQk4zcVFvzAGumWLkrP9GNu6c81xZXOrgyqUZsYY0fV+2TtyCmzMr84cEvybZX5U5+Yj3QrPBCoJjA0M1zPhIWK/WXBByG6GHmyr2bcWjPmXg6Q73wZDJnz74Wns31ZtiMWV1U+rxatqynFyJMKWrcpbkfhM2vP7ICba+jQrU43Iou21noR7ZsZwMIe8gzEYsthzlsAba/RKgSdgTNxiPf26kmzMTONWNgaDQ9Ldiivb+vxNsFxCxutexpG+q5wf2QuNHOxxi2RyMo/l7YxJpSKLCfkITlTyfo04Are/dTT+zIxFIq0Yi5DxU366k41Fs2O9s1fGeocE6X5KwNzCVN2I1m7Ukyk836pXPj1mynIHOdh6Y8CRJbKsqz//KlSy92f8BbGjjLGx2d6xE+M65y+n2GFjVHNYEojlOR4pql/lKKvOaEun/3kYi7RgjE1A986Gt7QXtKN6/q2rlY1KmurmF+E0XuxkEga2xeDX9cBlNdn/lYFQxkzcnO1pN1/JIFumxVbeMe50tT53+Z7ky1OLPP92xmTDXqIWhGxEVNdVXgat1qdr2ZYrbw6fMdkaC6VsdrY6Mjs4X4nnjTPFKJGTm8P1fmmOc9b2O4jctcVw5he6LWJOf1hFsNys/LgVY/Cilbiav7HmMs/Xck8fDcPyayLawdhWzVMzY4Qu1RIcFaWs7axniC6JmVytsqG2zOp0koM9GGPHT9Wzi4P++D101rVUZUmSkyvD9X55bAHvqNaVrcWpuqNxFYY4EJuPt6oIfBFm8uIXbu7M84MYGLdvXTNcf7sPziXei/8ejJYzflFwaxtjOVj/H+gYpo7KJpRqadW2U3lWTRB99d4Z1KI8tpO5pKTVFCtbfGSnd1E/ZeItv4GzgxD6goPxwbTB/OFMQuX9nKJPygOT7VVQ/ytEETizP/nLfjYwabIdDbaU/6u+ZcliyUueyj4DO+fE9ZkfsWnd2xLyf24Jc6FTdnnCb1FrGyPVkSvMmx2bz1tYVeKOkiMqNcvrxXi6JBqWGs9bLZSsI8bccB8KtrbG5eTWjPF4HLFREmJfIKx3vrruFO9QKV9xFBFcsnrIdXJxEVlBQoWtpoqYJxuFVhlmN1uMvTA3l/793NzccjoeVwy/vH8bY5ievt7v+/k3DSRC0+jqXKhj12Yw2pMx+mk4nV/NU1nyFFWD9+pCqlIWJCJjmlhSxOdkDKNME4K5h92MIdll4+Usi0EGxz49PzI0na88Mkhi2vkbaSr2NLjWpz2bD8zFRQy/jvTkYvLYZjgsDMT+w19XLjfiyhde+z+sVPE19vXJOYPsZIzcvFV3WpdpPJe7IxUuhyns64K1n44N9rI5sEFmY0h2RGKpqbtxZ/1RyjK0TNpxnFQLajrQsYGBJ83R8qTUyrtgbeExDOfn54GwkSr8dGgUgo+cTqSoYnDhBBzQ8zTWc/KNq0g3devYg03mvgbZoM3Al4SwICSsCa9tfPW2gX3GgqQTMCaTO/X0a3/fj6PKxrmvb21Nxul72xgHOjYSKL/F8WI8k/fi95TydLSYKNmOkxannUyL0bKTSpVtGJhMtrYxJs9cYfBKlbXlClP+4+CNOoYrPiqK5veBJQXObCw2wCJ7dqzXR/VsXvVtt8m72MbYd9dmEDAWZFAuXSqyiruZl/rqnB3pv3ztcr1SBcIkfZ9eqc/7juMs88dwRPIqRTufUgk3CjLySBUpJp7dYqb3ORjzZ69bMQavjv4bm+7y051+VadYLNFyRUM4+QXY1+fN52k+6edsFOXYiZuqCJoZ+/jFazM8Aht7M4Bfo+hK7/a1Qv+PZ4LmtB4rRz8Ncv/VT/MEOgbvnDWYb8up8aWUDr4Z0guOujsa/+MwhmQ6ODY/1utXmrJIXAQPsRRXwc0yj20+3Z2saND3hskFbmhLG3vh//aFjPk2+XTYn5zBa8s7CxR9e/uWQ7sYax4rmY0FOsaS1olKwr8gqnpFgy1yitAz8cIfgTG5FWOyzp1jQlaFQAkYg8G7FjWzcQ1D3KlnplqekJ1z8yPTkv0JMH8uaS8bk7aUn9kYwvRm/27G+paTe1fcbZ8TZw6yZOcoTwVtyblXUSNEnJbte8653YPlgRgbbnV5k5KvN5LP2MjsSGNTEg7LWKf5dYgqq+DvgI5ZnOpQtmzBTyPryQefP/W7Y6PKLvg+MLmo16WWrYazH6VvfpJOP3rhUTr9yXL60aMXPpkLdMwLcuexWDzcYsnYSRmI2M21eqY+8UG9cripiBJx1SD+na0W/ElK7JwpeE7FLpwtloySUnE8TeCfVccGgir+BmDcjAU2xtFgLnxkrLEuHcvWR3+Q0o8GwTkEIwMbcydsW0NWqegvZMT8wo3Hm0E17Fb3HO6ZOrYATu3WJyPv0Vf9L3733Yv933331Yt9X333Xd+LX/U1K/+Xl3wbYz2HFsCH3cryQ5e8k5Tr1ysM+YHbCETiTQxwYeXwfNXveyhVAU8fJySdRisOaJnQOgl7AMa+n2qJFb+gDZEPhgKshV0eW661GZuaqqzBi/fmh4ZOpVJ2XMRqAnqfbMAAAAvISURBVCIl3yGROUtafDDJxkqfsxg4aZu/OZbUb3A3rK3G8OMT711jeK/xDfCOxEewufLnATL1egF9Tfr6Wrj+4Uh/37Xbp4lr1WMceiJs46lm6RBW//UtH6s0SLvkMxrl2FY+tKQaZOdiqIMzxut+ZmE3+GBnquOjAoM6ztUZW/wCXPvYLzYUU0w9cpQNhW1ko9mKA3YW8bd4wBxaMPVjKyd97icfPzhmJk3MY2vbmj0XSROA08bEjI+JiZnT4owfWQYNWlgkdZuEsTVpLB99jxH73tHlCclFEGSyvaHYUiB6nBVxCcJ4w4T9xQ6akACox/01hxxbxxcJdpPSeQ7zLXrkgRjrGMkvTvYMfP54ZerNCz8zdYmWciWnkp927FyebC/I1U0f7I7obRdQBdi3WEMm0syMYRgzEosHWcZTZhcerAD2F+kdBv4IjG0+HZ66sZZcWBm+4GjYpZLq2ZV42rB23DQcrOlGB99tpw3AeAnmLYnDjeSQTqlLwXB5ynaTOJRPOXzG9KmBgY+SrusmN2M/E0bF+6X7KUetREUXbzcRmRHG80078Dwngv3atCJHMn4ZIqIiylecokZUOV8qiAddQbk/WjFmyXicuBFCOY634LpkCW6duc0zgZaxdVJsM04kszmSYKs5dtnmFwM9JrvXyZXhf67dtZ143K6o1Fky5F0do/4np4Op2GdE0+mYi+B6ajHLs3ntcS9eLK6nvlnKxp1iseik/a0AMUtZsxkmme2/IvtnOOj63b0Yk2+snSpLtHxKitBTr1DyyinZtPhtZ0VsAxe22opwhNX7UYtYJGRs5WmP7vLYNU/GprIbD1NGyq5EJXEuLRyuMbeCnMgXKCkJjA0pXcsnUg51NpwS033OrgWVAYTwEdlCHJsBwQTxnfC1R688PjQ4Vi6M9Q69OjR2pYCvjA0l1GZPSeYLiOesPCbRKGcVMMrlClzUu+8L1eLnPbE/JMHGFsBvOGao0HbjrqKq0xtA2SEp1t6Xcy9HLT7vlGHEE+wo1YVKupi1RbjDmOQVldWrY2htBFM+QgoZuBI+U0BbawgP8BEtGEPc3xSGBsHDGvu3sXNDbw299ZOxE4NrTXcCkZxHK2cUjIuekkhnsa0UuHvRsi+4C1MQI/xhQWKbXPSMy8waZeScja/fW98x1UAOCU0tI3dEwnMzV9m2EBqEPUSMKxtRWySyTqxyTfXX36drBaI5UWt0NUfpw2ixEA5JMq+23cdgL+WHZrw1WBBODZ4Q6FuDhJ4aPAWi5u9g5N8KTqqlFWgILuZq0+kszXkJqbIa9Z0+tJhkXDGn/g9muP2ECsw6rzbtoggqQ36ydH+J7coXvR99DixFs1ikXH0zLq5Yzht+OCizQLEcLRW0nC3ms9ESlwfGENtDNi1J2bSiSt4SkdKOQAKW3JlEDVMC3RV8cJf4hxb07VkHqyUi3LgwykUSCV4e1cZ9eSeECyfzlCJ2clKkUpw20lkwOVOKl4Npd14fvxrrgaBvYCVpRnyD59a89by3IW4Nlu4aCFu4J5+9rjwX1p1iDouSv5CVL2RTzni+FDAWtYvKRnw1Z0edDaVWa2JMrdUqJWCMGuliKXD5sVGZ8CbipYiclGYWLY7IBpVa7BO9Z90FW/zCKqJ1f9c4GYFTKAtRj/j7W4GqpsV4wcJ22jN8GzMtJ1fyGZNd3vrN5h++2Nz8IhK6YJiUFTHhlLZKoKWjL730ux+/FOB3Lz0HxGnn1ZLi1DyWAwQt10mWDyoOwcZSZ0RxWs3ZibOCOJ2qM5ZLSyXlzHhR8+yoaGdr932x0NXSjy+/HTXctQ+/ffeqzuuZa7e+Xjh4JM52vOUg9OA4FOFAjFi+SH1YTDtsYyXM6s8J5ggqj2dJucAXyhz1vFJQu4J1OambOjatYHNbf89TkdML97am/Ceu9R/5bX+I1/ufHZeTmiMSVc3aTnFJUJmzIIWrQlQ76oFr43g5+z47PgwZY7uA5fMRqUTzXpTkccEfseS1jWx/X//X8cLEt/1Hrk9wMz/s//dbE8+QuwgBgsSpzrSaTmts34ig0haMh+3OE2xaTum+mzfiSPMq8plrfUderycaXm+RDjwofMYgGtQNqQSkNe1RynSsYGgpoZCzCZ4GEwsZYzuqM48C3CJKI429ONz7xuX+/u/vu8b1/v73JWvtdn//28+StQ4uV0bE4oVKSrQ9Sdeb13s0HskReb/YkMd80y8fKmMqWDKVtGytYjdVGzAdg+7qKKWonbGLxVq0zthWm5qfIHGj/NLyHHVl6f3bM2uue/r2+2RhNzcHYwxcVbeQx482ChW2I0jLLSHwfu6Mb5JNu/Ufro1RUbyrVIqlRHPtKmNsNYr4pVzULnluprS6i7Ft4b8se4miHC1Ti6MLnBtZu5GUZO6ZeyX1KhBnFNMZFm4UHaHNDr1sVxpWq4/YPxA9zoJwRG5aHWUwHbvcf8THb488Oy6rKWc6CsofTYhkmy/Fq3ZO0CEekXK2QRGvS+WiioP9+Xlm8jsugXASiSKJg8jP4iwLuwjimBYLug7KWNpLqKoqEVHQVK0otNtJSVqjEmfx5gSSsIX1GSQBg013FGys/wd1/NMPngMPH67HldyMuEtEkWDnJFFQDSlq+9mxZKmm+vP44GkVeLKz8MNnbY+cWDMO2CtpOu3vmA6CBuNnW8ak2/2Xl+U1fflW31HgauLtvvdm3Ob1ezAe9fe9eBi4G81aRqtqQhgrs3fBC1Oy0XTBVopKtKAEvZJtZVkpSK2VpS06YMwvuUBIEOW2jIEJ9b1nYOOd/r5bp13rL2DY/pGZaTJx8uHRw8FtSScsXbo7XYjEj79RlvLlqLK+XlwqlbNKxRGCsRKLilfJqc9G2T6MgdslRzjf2n3G2JGzOLvmFrU2IfUMDNC313gwtf7rBujCrf5vXYtr/hy2hdKhYM9bJ7M9jQnomCoitgcoOG31nd/AxqIpx9Y6/9M/kTZ7p1t8gfjqU2cMcZrj3a3AeL5/khkZtz88DUOjdJON0xaXv51ZiLidZVWeG3yDkPCDG8+BsaW1Vx1bepbs77573JXVeMY9F2liTC/FNSuVare5pWslrRtsUwDddCGcJdai5boH2tH30IFbPGQ2pilKwjpkxnj1Hs6KTolsMQaKcS+fKip7rXKqw3LZjAwYF7Ysl220CU+tyA6aDy1Xhtnmt6ykSHYhkEXjENXJ9Vq5gJMgSGlsMCZLypLjGc/2Byb2s7EEh4lcmNbBdwkZA8kuO07Oaetd/ElhybK5aMpJ01y4YZrm4oKZ5Nx92MBIra2X9lbA/bEPY/K9HAxDBec+37AxGJGIpo2398f+pMDmR5uff7/2H7Epc3xz4Jj5ODa5QKy9hYOtEuMIOth83y7sa2MJsDEuRZptjNXutvfH/rRw1/7w+D96jsW+6HkwNXUSHhwbeLByde8WsuWukVYlrgfCft6Fei9TCnRMZvkwf1MQSaVioth5wp797SeWKAB/gILMMOcCboRE2YsQRlMabMhH2Sal8GyvKfzWDeWgH272nEyu9PRk1jYHHidXBja/348RPnKwPxXRCvspf6QsOIU8ywBjmnbsLYAn2KlJF9Lp9Cq4SHDwYNiAQzrCZ1bhAG4aO2R4HQ6rLsf5zzo9/yI6ZuLk1Y9Mzj1mosVjGf0ZO11b7McY24If+d0dWYXm3HqJdur7Icz+1g6H/QMOnvE4ww5AYzaavW8hGQ5ZRHj24oH/Fk8d1qKLZKzzyIIgGlv64oF3Xe4U+3mwbN42XNrB8boeztxQTvdnKTsEYTvtIr+wnWV9/J3k2TMiI4J0llZBhOhso1v2aseOEvP6sGy5/kSxDJxxz9rr2uG/1t/h/WNPhzL812LsT4EuY52iy1in6DLWKbqMdYouY52iy1in6DLWKbqMdYouY52iy1in6DLWKbqMdYouY52iy1in6DLWKbqMdYouY52iy1in6DLWKbqMdYouY52iy1in6DLWKbqMdYouY52iy1in6DLWKbqMdYouY52iy1in6DLWKbj/BwWvK3WiDvWKAAAAAElFTkSuQmCC')
INSERT [dbo].[SUBJECT] ([SUBJECTNO], [TITLE], [DESCRIPTION], [CATEGORYNO], [STATUS], [IMAGE]) VALUES (7, N'PRN221', N'Advanced Cross-Platform Application Programming With .NET', 2, 1, N'https://encrypted-tbn0.gstatic.com/images?q=tbn:ANd9GcRKALp045Z6qDEd8-pJIFyxrFJQwPER1wzX2w&s')
INSERT [dbo].[SUBJECT] ([SUBJECTNO], [TITLE], [DESCRIPTION], [CATEGORYNO], [STATUS], [IMAGE]) VALUES (8, N'EXE101', N'Experiential Entrepreneurship 1', 2, 1, N'https://encrypted-tbn0.gstatic.com/images?q=tbn:ANd9GcR3CRfVYZ1qZWvssEWf9xOs8YbAP9ZgiF9UuA&s')
INSERT [dbo].[SUBJECT] ([SUBJECTNO], [TITLE], [DESCRIPTION], [CATEGORYNO], [STATUS], [IMAGE]) VALUES (9, N'PRM392', N'Mobile Programming', 3, 1, N'https://encrypted-tbn0.gstatic.com/images?q=tbn:ANd9GcQNd1LdeNar_Hpfybpwb9wi5AIpsARr1YyCKA&s')
INSERT [dbo].[SUBJECT] ([SUBJECTNO], [TITLE], [DESCRIPTION], [CATEGORYNO], [STATUS], [IMAGE]) VALUES (10, N'PRU211m', N'C# Programming and Unity', 8, 1, N'https://encrypted-tbn0.gstatic.com/images?q=tbn:ANd9GcQnfKWqaSFDqO_LE01kJ8wnWX2TRwYns-ErWA&s')
INSERT [dbo].[SUBJECT] ([SUBJECTNO], [TITLE], [DESCRIPTION], [CATEGORYNO], [STATUS], [IMAGE]) VALUES (11, N'SWD392', N'SW Architecture and Design', 4, 1, N'https://encrypted-tbn0.gstatic.com/images?q=tbn:ANd9GcTasxxNAe8H6_QNAEyLA2BczoUTv3xUkWpH9A&s')
INSERT [dbo].[SUBJECT] ([SUBJECTNO], [TITLE], [DESCRIPTION], [CATEGORYNO], [STATUS], [IMAGE]) VALUES (13, N'EXE201', N'Experiential Entrepreneurship 2', 4, 1, N'https://encrypted-tbn0.gstatic.com/images?q=tbn:ANd9GcQmJv4857bO6TNx470lFGhKyh2_6tkE5cHY7Q&s')
INSERT [dbo].[SUBJECT] ([SUBJECTNO], [TITLE], [DESCRIPTION], [CATEGORYNO], [STATUS], [IMAGE]) VALUES (14, N'string', N'string', 7, 0, N'data:image/jpeg;base64,/9j/4AAQSkZJRgABAQAAAQABAAD/2wCEAAkGBxMSEhUSExIWFRUXGR0YFxcXGB4VGBcaFxsaGR0aFxggHSghGxolHRgYITEiJSkrLi4wGB8zODMsNygtLisBCgoKDg0OGhAQGi0lHSUtLS8uLS0vLS0tLS0tKy0tLS0vLi0tLS0tMDAtLS0tLS0tKy0tLS0tLS0tLSstLS0tLf/AABEIAN8A4gMBIgACEQEDEQH/xAAbAAACAgMBAAAAAAAAAAAAAAAEBQAGAQIDB//EAE4QAAICAAQEBAMEBQgHBgUFAAECAxEABBIhBSIxQQYTUWEycYEUI0KRUmKhsfAHJDNDcpLR4RUWU4KzwfFjc5OistNUdKPC0iVEZHWD/8QAGQEBAQEBAQEAAAAAAAAAAAAAAAECAwQF/8QAKhEAAgIBAwMCBwEBAQAAAAAAAAECEQMEEiExQVEi8BMyYXGhsdEUkUL/2gAMAwEAAhEDEQA/APa8YXErGFG2IUyMTGAMSsAZ74hxq1DcmgBuTgKTisQBN2F3Y7KB9WI2+WAD2xokytelgaNGjdEdj74UZji6yKBCTuQC3SrNBVJ2Lt26hQCx6AE/K5ZYY9yBQ5jdD079AOgv62STgAzGBgZ87EDRlQE9BqFn5C8ZXOR/pg/I3gAgYgxpEwYWDY9cbBcAZxMY074mn+PywBk4hxgriFcAZbpjOBszm40Ko7qrPegE1qqrA9TuPzwRWAIuIP8AH9+MKNsaJIpYoGGoblb3AJ2JHUDAHQYmMAYgGAM4h7YDbPpqKqGciwdClgCOoLfDY9LvA8HHss/wyiwaK7h79lq2+YsYEGhxDgLL8TikbQrHV6FGTp/aA39uuDCMCm2MLiVjCjAHQYmIMTEIaV74wo264ycYB2xQU/xJ4vEMwgTfSfvGHr+iD69z+Xrhpk/EcJQM0gAJAs9iezf44ReJ/DKyFnTY7n/rig8M4/5TvlsxHeXZqk6hiR0AI3oHfHOKk5H0cr03+eO35j2jixakVatmIXV8BYI7LqretSg/QYrsOehiEjlY5cyCUKop5tTAMPgAbnsmgfTfrgDgE8gQL5i5vKysAjBtEiG2YkC9tOkUQeq3t0xYl4W3OV8mUOpRi4MUhDddbICGPvpB6YrlHftvnweCuBPluFFUiYaxJJbSLCEZQBVpTMOmoChdDaupJ3FGSSNUmjsqTRZjanelGm9RC0CSauwCSDg3K5Jo2Vn8pBqBITmLEKVG+hAAAx6LZ23rbCLijHWfYv8A8R7/AG48uu1DwYt0evQ76bEsuTaxaOPZNKKKVKAiwJeUULN+aOoYfOz9CD4qgokgNp66opGqjRvVL1B7YRpBMt35KgKwVQOXUdFFgavcP36Ed8c381gbOXBI3F2CCragfXmIPbHiWuySfpf6/h6Xporr7/JZofHka8uoACwAIG/DWqlEu1EgfXDvh/idXCsWBVqpgNGzVRolgR68wodsefxySCgzZavbbuQa67aa/PHX7S3kFWZGkIK/d/CLsCtzW3541/rz7opK+a98In+fFTb8e+7PQpsz58xgDqoRzrUSlZHAQ/hUAganQ/F298dMnn2jMcOZaNX0Cn8y/MYEKdii0Sa9fiGAj5xmUEy6xIa1RM0Ua+UecEKoYk2u7n4jteO8LPmiocSxr5Q81CjRqzsRqS3SyNvwn674+wfOBX4kvmTCTPSRFJCoRVjoKFB7xMSdz3xls9COvEMx/cXtfpB7H8j6YP4jwrLDXPJH6u5Vn3oA3pU7nlHQdsD8M4ZlJ4kmjjbS4BFvIp7Dpq7UB6bCu2BTGTTLzSEGaSdvLcaJVFaCyatvLUHdUxxj4osMyRQyNNEziNr5hCx2ASY/Fv1TmI9QBWNOL+FwXjMCKo0usmuRyKJQi1s6xanlOx74Z8N8PxxEO33jj4SdlT/u0Gy12Jtvc4ANz8xjiZl3YDlB6FjsoPtqIxWF4bnkjSUMjSBizRUAwvqfOvnY1zA7EHlqlw34zmHClWVVUvCEYn4mMqbV/HQ/Tt9scs8QKa1BJ5Xrsdm6EjUu36wwB3yTyMzsWQxMFMVA691ttfb0qsKM5xPMaZlaBk+8WOIq1tIpPMy8tg0rkHtY27ltwOQNl4WUggxpRB/VGKXxjPSyyo66SVawhcIRVUlnp1KvXMSCOlUINWy00tRSHy4wKGWgrVXpI3wqPmd/QHC3jcsJi8mMKxTcFSRDCe5eUc0rNRBA67ir6j8Rz7n7qU6B2gRWiQ36ggPJfptfUHHXJcKknZV5VS+YDcKv4rrZWI2o8x2LLtqwA+8L8H8tQzNbAAAbWAbNkdtmNL2DH1oZ8X8dbLIFQFnfr+qu9m/0jRr5E9FOGeZMeXV5dIBau9aiOg9h1JPYAk9MVjMK87tCWpmAad+nloaIQX0ZqG3akBunJhR34X4mcwrsocRAgKXOptVW41dSo2onfc/IOlHvhBDxzLwhYYwAqkoAGBrSTv731vveG3D88sqhlIPXbUCRRI3r5ftxQGjExBiYhDQn+Kxydtv8sdsar0xSirM/X8sUzxL4finUKV00fiA37munQnHobwg4VZ3I9cZ6A8u8HZ6OB3inDK7N9210qgdgOik7Xd/Xpj0nK58oVs9fhaqB9j71W3vsdjipeIuCJLYNBv34T8J45JkiYcwrSQmt+rLXS7B1KOoH/Kxj4+r00nP4idS7M+niePLDbHt2PWMxMHUGt1IJHWx3rFW8Sxs2ZSGL4pmJHUAIRqLWN/iMnTsDgrh/EFKiSNtcZ3+K2Qdt/wAX03HvsS3y6xO8cx+JAwVh0pxRB/f/ANcaw6uORrFqFz2fZnlniniblEW5PwXl4gWd5XNWx+EbegAv9pwxTw1lQP6N/wDxJP8A8sMuJf0Mn9hv3HC/M8XCvQNAWD0IFV17nr2O37MfYSPK2zm3h/J2FMe56DXJf/qwozkOVyjs0OWDGMguzamAZyBGq6m+Jmsahek9utPOHZ0Syna6BIO4o2BQB7cx69cAjg65uSV5gwj8zlSgNXl0pYkrqCsVHwkX79SaXYRb7jDimZaM2SdJFADlII66jpJI9xVd9rIDm4YZSFlOonfQLZUXbmYkksewF6b7EA448a8TZLzBFqfMTIb8nLI07gkFSHCAhdidmIxzy/F83/U8JlVT/t8xFEa7DSGkIA9NgO2ALNFEqqqKtKBpArYACqwHl+JKWZTpAFna7HOV5tq7fQmvfCJs9nF3bhFj/ss3Gzfk2j9+OZ8U5ZTpzCz5Jia/ncVRk9Nphqj6frjFpdmZt90Wxs0n6Q6X9Nh17dRjo8gAJJoDck7AAdzhMYAqsyaRro+Yp1o1WRvvQtib5hv3G2N8vKHBy01szqbo7MpsbEVpHWiNum9neO11NJpnDN/eIJ3BADRiJSK0qZUt29GYfktDYlhjEOYX7VNzCtL9/VMt/gfywbmuF64yrTSEVfMVqxRF8nSwMVuHIqQr8gMreV5nmIUOgtZVfJ081NRG5tfQUA64afISJ/6p0TXt/RuVXn/st0b0NHuxwfmIpWkOl1WIpRpT5mvV1DXWmtqrAeVyJcSQuZ1jX7tdTLUiaQNqXUB1HW8H5viMUTKruFZ70Le7aRZr5DApqcuapiJO/Ol9gPX2xwh4sp0KsbWV16RpGkUDW7DswO3rgmDiMbmga7c1C7rpvv6YqE+Sjy0h88lgFKK7ianRo1HVVZbALL179BQwL9x1npftXkCNFKks7eZYKaVAVl03zjzFIoj5jrjqOGpl8vIoZiW5nkNlmJI3J/jqepJJC8M5HyyX5qrQiU66gRGWkqSqtlroPrthxm8zMquwhDgAlVDAM1A7bmrJrEFMpkMiKG3csRysKABv8V71Xp6+4w78HEW/MT12325hg/8A0FFJUjKVYnWV5di25B23on9mGOSyyxoEXoL9O5J/54pkKGJiDExAa1jVRjYjGqjFKayGlJ9AT+WABK3lgHdnO3sMMNNivW8K59SLsRqAEaHqNTsFVvpq3HtjDT3D/wAgk+Sj1aVVpZB8SqBS3+kxICmj0JvfphDxvgbMOeFgPUU1fQG/yBwbl9UnKtsn3oSNZGgOuJ6cyuDrdyDeoAqGJB7HHCPyW0eRNDANAYyGRxIrLQYPFapKxJosfkRuMacU+oi9rtFIRZ8i/mwnUh3K/hb5eh/jti5cC45HmLeI6G6ujEDc9du3ck+g77kMH4eJHKuqglzFJpvQZAqyKyg7jWjbgk0QBZ6mpeIfB82XbzoLBG+3X/MY+ZqtGpLpa9+/6fSw6iOT0z4fk9DgzIdWja6Nqa2YbkbfUHBX+hoDvou971NuT1/Fjzj/AFjzSeS8uWMekUX33HTfbYbXR9cX/gXHYcwp0SLai3W90783p6/I43oXOKcJO12+x5tRiUfUiZ05XJRNmJD5aJ1OpjZJ2ULfMxIAC0SdsJ4uG5niPPm/MyuVPw5RG0yyL2OakXdbH9UhFXRJ6YxwGA8QnHEJb+zxkjIxHYGiQc0w7u3RL+Fd+rYuAXr/AB2GPonlBuHcPiy6CKGJIkHRUUKPyHf3wTX8fliVviVv/HtgCEdMazRhgVYAg7EEWCPQjvjYjpiMP4+uAKpmfCr5UmXhriE9Wyr2crL6gL/UOf0k29QcE+H+NpOHKI0UsR05jKv/AEkTHex6qeoYcrDpixMNjiu+KuCOzLncqKzkAOnehPH1bLyeqtVqT8LUfXFTojVh7ZIzltbEQkKFRSKcVbF9rok6avonucHyQq6sjAFWBBHYg2CMKvDWdGYjXMRn7qRSQvQo10yMvZlIYH3BxHmLTSfEUjAUBWYW5Nn4epA/gdcGqfAi21yFZPKvHIRrZ4yvVyCysDsAaBIKnv8Aoe+DSgJuhY6Gul30wujzR6q5O4FOAepC7Opq9+9nBhzKBtOsattr33O231xDQr8R5ttoI/icb+tMdIUWDRYhuajQVj7gDJRrCRFOIGIdgzMvOdWtwbcnUPhFn1o0RuPNPK2bDaLkD0nNSaQrUp2NsQ7kG/ehpo78biiOZcOqyNpB0+a0bBUjLE8oIINV23+ewoLl2dEWdHCVSuDQ1HUeYqp0ugDIDQFWSCKOLFHx6EoHY6Rptr+FexBbpsbv5YT5WLTkZPK0OGZgzBjQQ9QGO+16QSNr1V2wd4akZlkRl+6s0HILjVRZWHfdm7Cum/aFfI9hkV1DKQysAQRuCDuCPbGwGNY9NAKRQ2AHasbKMUydBiYgxMQhpjlPMI0Z2OyqWO3YC/XHW8DZuMSI0JNa0Ye9HYkfKxilK7noc3nEiZCscbhtQVyDTbU/Zug6biyPfGcjwFYFkKoPNjKHlB5lVlk5bJPNpIok7rtt1P4JmWijEMsUgaOxqVGdGF7MrKD69OuGWSViXdlosRQNWqgUAffq3tqrtgCr8Y4Q2kPEkeZiI5FaJZCNbWBZ3MXOTakMtA81Vg7hnBZJI4fOYoqEtHGhkDpYKjVI0hYUh+EVRNWaw0ysYSaRF2Uor6ewZmcEgdrobDa7Pc4MzEmlS1dAT+QJwILOJZdYoRFGrWzfd6eZvMFyBmZm3NrZJO+GhBK8wHTcdReF6GR/LmlKIq8wAN7stWzGqABO3v12xvPxmMA1b1107gC6JJuqFHf2wBVvGmXRZo5WDxw5cLLK8aSs02t9C5dEX7t9Z2YmyAV2F6gr4FwfI8QbNjLpmcjOKjzMbjQ5SUXvHqIAZdQB2I+XW9ZTjkbnSRR2/ErC2FgagSLO/wCRwm8C5MRy5/UJGmfMlpJXjMYZSPu0jJPOqLtY9fSsSi8lpy0IRVRAFVRpVQKAA2AHsBjcd/8AD2HviKfbHLM5pIlaSRlRF3ZnYKqihuWJoDFIdd7/AMv88Z3v+Pb3xxymaSVRJGyujAFWRgysPUEGiMLU8U5Mh2+1QhY3MbszqihxpJXUxANWOhPpgBub2/w/zxGv+B7/ADwl8ReK8tk8r9skcNEa0FCH80sCVEe9NYs3dUCemPIvFv8ALQ2ZjWHJJLl2ZgHlOl5AtjaJQfiPzHSgd7AHu7XR/wAP88bb/wAD/PC7hzeVlUMjvSRAu85UOKWy0pug3W96GCslnI5kWSJ1kRt1dGDKe2zA0dwR9MAVXJuclnsxCP6LMxnORLWwlSlnUezXHJ82fBWUkBjChgzElnBABLE+jkg/QN12rGvi7km4dmOhTNCMn9XMxvFX1Yx/lgjjc0KsFMWpzZ5TpI32v1+uBuEJTdRQTlYSSAw6kk2G3VFqtzfxOOw6YIg4bHFGI40RVVaQEEgdask3WA30ZNGbdmY0oJ9unyHrXpis5ziMkrW5J6bdh16DtjLdHfBppZOeiLXlhmKVpJorCjWqDkFVdEjUAa7nFYmziSZlyF1MYnYS+q+Sw0hL2Hz5vXAsU7K1iwfni5cDnEkQcoAwJUkAC6H+GClZrUaZ4ld2hb4O4hE0flogiJZmVL1bAgEg3f5gH0sDFiljvvuO42P78QRKNwgB9gBjdjjR5LF+Y4SrLSu0RsHVFSNsQ1XXQ1RHfB69MZxhemAs6DExBiYhDQnCfiOZEcgaiWKEKNVBmLJQ67DuTWwBPbDnCnN5VXzEZOq1RiCL2tkBr6YoBouJeVUMjFpLFNZGtXOzUDSi+QnoKBPUW0Mg7Kxvf4j0798DNwtWVlLSEMCG3O4br+YwBl1cssQlkEgZhKRfwpRDf72tNv127ri8EplgSrv2+v1wi8R8WdSYoiAQpd2I1FVAOyqfiY9AOh6WCcPohQA3O3fr9cU/jzNFmHcFgbR10iy2lhYqqYaSRV30APpDQEJVDj7x2IbRqfVJGzbDSJGVUBBVRW4+LcHBnGOKa4YgQyoshWYICBQBAOpTSjWBTG1vv0OOmZ45lzlfIkIRWBh5wVKgALzIBqVgCp6abrmx1lYiFXZFeZwWaAAlTG+/lsDfQbmx11UPQBbIIfNb7O7tFptwWLqrDzBuzE1blNidyCR+LD3h3EZDxCXLu1qMpBKq7bMZJkc31s6V/IY78L4chqYhBfMFRQqggaRdfEwAr23HSsAcaPk8SyM/4Jklyjm+jNpmiv5mN1+bD1wBYM5nY4Y3lkcKiAszHoANyceAeI+IZnjQnz0zNl+GZayi9DI3RVA6NKxKgk2E1UL7+l/y2ZSWThMwis6WR5AOpjVrb6A6WPsuKNxLNJxXJtlMhG65HIZYyuaKmWcRNojA6mjqck3qIPsSIWTwlPLH4ZLFo8uwglMb/AApZ9Lmt9bXsRuSV7nHmk38mjp9jhaX+eZyiINFCCMbs8r3ZodgBuG3Nb3r+SUZziKZds0AuSyYUQKF0+fIgpGezziMb2KGqupBph468G8Sn4tFm8lMIl8oRmYsAYgC2oaOrWGsV3PUdcAcvH/Esnw7JQcMSKPOZlVWOFJUWXyywoSOCCAxs6V736YbeGfAPD+G5aKfNJEZ4fvJJ3NBX6mt6pei7dr64pXjrwbnoM5khkYJJ1iCy+a3OZMz5mp5MwxI5jpj+IgUAAdsPvGHgTiGdyEkuamE+cBV4oI+SCJQeZI1/FIRfO19gPUgDfyocZzeb4bPPGDlskCgUONM+b1SKt6escO+oXu1ehxcf5IQw4RlA4o6WI/smRyp+qkH648n8PcTz/EI4snmcpmc3FAeVB9ykjoWH87nYE0nw6RXTeyMe6+HstmEj/nLRFieWOFdMUKgACNCd2qviNddgAMAK/HRuPJqOrZ7K0P7Mgc/kqsfpgnhc0SM800iK0jsqa2C7KapbO/+QwJxo+dxLIZcbiESZuT2pTBF8raRyP8AuzhdxHPOrmRAiRzRvpLKJW8uN3eRtJIClvMFKdV0t1RqM6RnUWvIy4vCZp9PmRqeiIzgOQBdhOu+/bpgc+G5b+JOnqff2wpyBkQLl4gtNMlK6jUsi6Za80MSAVR9yrEFSBsVxZs74nREWkuVyyiMnZDGzI5dhdIGUix8Vbe2WkrbO0dXkgqVUgGLwzISNTqB7WT29sWbLZdY0VF6D9vXc4864n4qdZNMrSUQTqVmjQetKpFAfrFjsfbG8XES16XJo0adwQfQkMCDjxT1+LHzTrzXBwzayWT5uh6QWwJnHlDKUClKOoHZvaj0/wCmKjluNzJ0kavRvvV+urn/APPiy8L40s3Kw0ubqjatQs6GoGwOqkA99xvjvp9ZhzcQfPg47lNcMYQTq4sfIg7EEdQR2ON1OB60zCvxqb+aFaPzpq/3RglemPSzUW31NxiYgxMQppWAzp80C2DBL7aaLAdx1JH7MTi80iRlogGYEbMCRpsajQ3NDfCHLZ6GYtI7uJEAUhCKIBUjSNx8TepAKtzULxSlj2H9Z678tda617j88apAmsuGGpgqluWyBZUE105zX9r3xXeH5zLyHbzWUhn6q6fgDAkCgd0sXQ9sdjHDq/r1s3Y0gdVKm/TkUg+2BCyqv1wu41lI5AqswVyaQ3RJ6V+2vricOz5dqN0QNJI3+TfrbXt2xwzs6gee3MdREYPRQtjV+wsT/Z6dcVfUkm+i6i5YEViBrWdiAyLQZ6og66vRt3O1gX0OF8ULsz+TF5xXZ21KN1dgwUluupOUEfhJIFrex4jzhiriUvp82nAvVpEd+XoB6nSST0U77DRJ8xGzPE1iUFxqAUAsxegQja1Ora91urrENHXgGaCuEo+TLpUo10rlRdavhPS1BNHYX1DnjPCTm8pJBq0yqbik7pLEQ8T/ADBCk+tn1wp4FlGdxI9qqnWxJsLVsEU0DQve6uy294tfDlOnUbBclq9AdhfvpC4LoZfzIC8LcVGbyySlQr7pNH/s5UOmRD8mB+Yo98E8O4Pl4EaOGCONGJLKiBVJYCyQBvfTFfzP8x4gst1l88RHJ6R5oCo39hIo0H9ZU9cW1R13wKUHgznhOcGRkJ+xZlicm7dIZCSWyzN6Em0v5bm6v2kX/HthZ4j4HFnYJMvNelxswrUjDdXU9mB3GE/gbjEzGTI5s/zvK0HaqE8bf0cy+tgUfQjtdAC2FR6Yp3jji0rOnDMmwGazAt3/APhoOjTGvxfhUbbn5W48XceXI5czEF3JCRRj4pZX2RBt3P7AcBeCvDr5ZHnzDB85mWEmYcdAfwxJ+og2H19qAbcE4NFk8umWhWo41oep7lj6sSSSfU4qub8S5rKZxocyitlzbRzAaSb6Kw/SG9n298Xlht1xUPFz/aMxHkkQPSNNmGP9XFRVAtf1jPuPaNsYne111Nwrct3Q24dm4I5J82H815ygI6FEjWlRR+iCWb3LnHHOZGKWRpIvNAKgqIlD6ZdTlg8bWFDhlv4Vans74oGS4hHA7wTxmtdCTbUoBPeiVu7sEfXpi1QTMlSQuZEvYqOcWCdwOopW3/VNiqJ8Xx8sXb5XjueXJqUsj2r0hmT4BIQqypKsutKWMIsSprRnbzUAOql9VbZQLAsqYcx/O5WUAAF41WrUJG3l6dPpSgkfrHvi4cH8SrIB5jAX0cVpPz9Pn0+WKn4o4c2XzJkX+jkbzEfqAz/Ehr9I7j5j0x1ySWfC1jfJ1tTj6QDNZTMxL5gImjohlrmVi10RZsafhO99NuwWWykc2rTcUgsNotQNQKWDt1AB2P4FvocWTI8QA2akaqKuRpYHeg3Qqeu242bp075nIqOZR12siiCPwOfUevpv06fHyOcYv01L/n46NHB2uxW9WZh2KebZ6g0FsUB0JrUNyegfry4OynE1IJVwpG433Ui2R6+mr5WPXFmz3D4VjjKy2xIB6Eix6dq6UevTC7NeH8qcwAXXR8Wuh8RA2bsfhXc+gGHw9s1KSSkmuU138r9iubLllj5jeZVKF0j3LUW+goD+9gtRtim+HMwY5hGp5GbSQNlOzEOF7NagbdQxu9Iq5KNuuPu4M8c0FOJ3hTVnQYmIMTHU0D5yYojuADpVmA9aBOKZmc7HmAJJXZjGGGm4FAbY2oLh+3rq3r1GLrmIw6shumBU16EVhBB4dZUaMTHS1/7QUG2qhMF/ZXtigmTgkbySEjKTR3mCzuZDyighNnSL6E9z072CSTSCzEAAWSTsANyThJDxOCM+Sj22XpGDAjYjpYWroA9K7fLpPxiN1ZGW1YFSLqwRR7ehwArm8ewq6gpQb4Q0ipIwP6MZ7+xYH2vbHbikfn5XkphTjcEjTKp0uRsa0srfXHlXjTJwRZ6LUWZTJpmJOklI3VL22DaQRYr4eg6n3I5MLp8vkKgKKFqVXopHcDt3GKiS6poqLcUlMJy5hsaiuoc0YOrUtOzKWUnewtr0q6w+yEEkkSITUSrVi1Mn9kWdKegs7VuezI5KK78pbv8ARHt/gPywSx9jiGhfleHMLDsGQNaIo0qB2BFb0ff3wRms6ItOoGj+ICwK/S9P8sdMzMVHKpP/ACwO85IAZCp/CTut+59D0+RODZhJROPGeHR53LS5djyutWPiRuquPRlYBh7gYH8G8Ukny/3tefE7QT1/tYuUsPZhTj2cY75LKkSG0KoN1APQk9Aew23Ubb98LPDTac/xOP1kgmA9pIFQn+9E35YGizi7xTplrxBGQBZ4c4J9QMwhH78XENv3xT5z/wDr8X/9fJ/x0wBt49F5jhQPT7ap+oikIP0xb2vFQ8dn+ccK/wDnR/wpMW5m+eAB+J51YIZJpDSRozsf1VBJ/YMJfBGQdYWzMw/nGbbz5f1Aw+7i6dI49K/PUe+OX8pbXw6aMWDKY4R//tKkf7mOHXFs95Sco5zsgI2v1PsBv+Q74AR+KfCkeYXVpAauo6/5jHmUuUzOQe0J030/DsQfobAP0GPUeGcQYuI5JXbVsCKXS3oaFUfzB+e2/EOGayyVqFarPUWaoit+jb+2OWTEmcp4oz57lGyPGIcybBEE1bg/Cxrq1++2qyeYb0pBeQcSKFoZFDp0KPRVhZHawrbNt12NjFa494VolowQR26fke2BOHeI5YLizKmSP36ithdg9BVehCkVWPDPC1K1w/KPI1LHLx9S7xeGsvPvBK8R3JjNOv5Ht8jjg/gjMJ/Rzxn2AaG6ur0scLlzgH30MgeMsK30MrM1CtgAN19/iosFJxYsr4oaGQQ5sbk8kyD7t7F162L32x6sEpTTU1079mezFkc1yisKJ4ZhDKpJpQQTqBDbKQ1AncVvvddKF9eI8ZjjYRm3eu1Ei+zC+p/b1+dg4xw+F8z58sspXSukRxnQALH9KAbO7dKNN9cYbxDDACFhjCLekhtyL6m1ssep6nr1644z0GOU9z6eDTxpuyeFci+pcxMvlL0hRzTszAjUw7HSWAXruT6YsXEM/wCUopdbnZEB3J6Cz2F98V7PcQkiJzU0DOVU+UBZVCemrbaxQsWSSboadLfgsOoCZm1Ofb4T0P17DoAOnUlvXixxxx2xXBpRSVIcx3QvY1uBuL9j3xMbDGMbBreFut5XZVkMaIdNqFLu1BjWoEBRYHSyb6VuywrTMeXFmJKsq7kDpZoUPqaGBTsuRbc/aZbPU1D29fusCZ7JltI+3yJpcMd4hYF7bIOvvY9sAcVhMWnXlZM6zLIzMbKKyCwqx0VXUdht26seo02bMYYjhaKU/VGluYoAjaB10sbrYaDR17UFD8W+Fc5m5tapHpo9Z4hu7s7Gtfq1fTt0Hr3ApH+zwiXSJRGokAYNzBQDuDR3wlkzzamX/ReoK2knSKI16NS/d821P6aT1BBUDma2UPwcbkbhVYC2Zdz5YN8ur0ojeyAQLixxCw9cUkTMGAPDZYwTGPuXlWtTSB2OlVFKEQ/7/wAsOeEPMiZcysx85BrRxzRS+X5hAPxaeVwQxJut+uBB8WxpLIqqS5AUDck0APfHTGrRhl0kWCKI9QcAV1Ys22dSVJlOU01QKm7F7eosKNXXc/PAnieQ5LMrxIWYSogzgG5WPVcc4Hfy2Zg1b6XJ/Dgw5XybdDVGnUbWezpXqNytEdaFjcXxjC8/C85a6vujJFQty0YEiEgWDzIp26+mAG+X8T5J/gzuWb+zNGf3NiuS8QiPHYnEsZX7BINWtavz02u6vA+U8R8LnjWQZCSYMPiXhzyKT0NMIyDvYwPNnOE9f9CSHtvw9V/9QGAGXjnPRHMcLIlQ1nATTg0PKk3O+wxZcx4hyaDnzeXX+1Mi/vbHnz8U4UDtwNR/ahycZ/JpQf2Y7rxmAf0XAo66g6soP2IXP5A4AcS59OJ5uNIHWTKZRxNLKpDJLOBcUSMNmCX5jEWLCDD6aHzFHmPdyEAUu1MQN6sGhWx74r/8l5aWDMZ1oVhGbl8yNFYMFiWNI06AAbq/YHffDfimR0yFxrKsQ1KWGl+nY0L66vW/YGoM5ZLKKzhDylaYg7WR6C9z137A7dscs0akcLIwF6hb3RWt66lbI2JI/M4kEDSM1ampQWJLX8V1GTtqrVXSiRZ7A9spDIoCRk3YBIfQosgnm5drO3rt643KSZyhBokmXWeMSAAagDXzHb2xUeNcDVrBH+OPRY0CjSBQFAD0AAGBM7kg1mscZRTOrV8M8YzHhU0fLkOu+ROik/pE9Af4+QmW47Nkx9knXVCQfNDiyFIOoqfUmyD6Y9NznDqPTA03h2LMKyOo5vxfi29/TEg64JGKiqRUfDHjSPzGOXcwqW5ImJaIJ2UpfKe9qQbPcCsegcRzi5zh/mmPSXI2uyumTSzoa3FKzKa3FdLx5wn8kEozsYDacvquRgfwDcqvox6e132x7BxCEBI41AC3pAGwAWNyAPblGNmgXNFTlEEa2D5VITf9YnKTfzGCPD7J9njCVpUadgADp21V+t8X+9gXh2W8uCFNWoNIrLtVKT5gHuRXXG/hnJtHHVjS2kqO45QDf5AAegxAOhiYgxMCGlYWwZYSJPGSQGd1sHcWBuPcdcMqwv8AJljdmjCurkMyk6WVqC2p6EEAWDW4Js3WKUTcc4FmM0ArlCArodMzRiQSLpJaMwuAR1As/OrsHPeHJCGMxk08xpcwhC6yKrXGgsVQJPcjFqXMy/7A/wB9P8cCcV4hKirUbhmJ2Wm2UdSdLAdcAK+HZKJZkkabNRt5juBKwMbmXbRrGqM+wDXh1nuMRxkqAzsppgtAKSNgzswUN303q36YqGe4qykgRqxfZkIAMgO2lkVRqvpZBPpWNcrnJ0fQIJFK9F0s7hWJ3ZhzamIJLA8xs2dqCi1z8TmCeZ9nULeweVlYm6ACiI7nFeznioiVWl0poA0omvMU8pKAswCrqrUAA1DUbO4wLxXiUmgBhQDBmt2ZwCrIeR3L1zr0X19rrHGc7GJNPlo40DnKlvxd6BNDsBZ+WOkIprlnHJOUZUkW4/ygJ2c1V39nYKRWrr53oR+7G3+vwA2tjrCafJZDZZV6+aemq+nbFGfNAkxiJCCdN9BzSGPYgCgq0fWq9LxouZQLqGWj1UorSbAYa9zp35qG1kHcjG9kfJy+JPx+j0TJ+LcvmHCeVrYhuZSQQEok6nChfiFUxO5rvh1n3LZKcZWQRusTLG7nQI2EfKXsctbGyOm/TFDy0KKSVVQTd0NzZBN160PyGDpM0v2fOicsYny8vmaK10ELcl7aq8yr23GE8O1XYxanfLbRQPD+WnaBWjkRVOq/MeN2J1tbGT7A+qzqN6j164aKubXrn4VH/wAxGv7ssldcV/hP2IRKZ780WWr7OBVnT1oXpq98FHiGQHQyV/3uXX8tGbQ9LxwPUMZ89J0PFwPWs9qH5Lm4z69scWTXueJtJ6KDmJr/ALubk/ccDx8SyhICpK/t9s/5LnmP5euO0s0TAqmRdx31PmZqvvzZeUf+Y4A9A/kUiQcObSzazM5ljKGMQyaUuNVv4dOlr76idumLlmsy/meVEoLVqZmJCopJC7DdmJDUNtlJJG103+RIVwsL5SIBI4DoGAnFKfO56aybX05NqG2HHEeBnN5iRvNZBGypS6hqryJdyrDavMSvSQ/IgNZPtCrbTQKPUo/7/NGNxBmf9tD1P9S//v4rh8EyO2qTN+YKXYo1ikdCQfM+Ihl3r8A77jZ/BcjBgc5JRXQBzArSaBREl0CAw72W33wA/MOZFkzwgf8AcsPT/t8YSKcjUMxEVIBBERog73fnbjCAeC5NbFs3qTUGRGRjpCTxzoL8zfSFZAevP7UcnwfMFVRnK0tGxOhtTeXezHzar8OwHLsb64AZzQO2g/aYjrHJUfx2Cw0/em+VWO3YH0xwy8MgKEZiOmI0nRYaxYr7zex6YX8U8Kp925zIj0QJEHCm7gjnRXBDit59VeqAXvjk3hNWGkZ46jpAIO9oiotDzPVGsDrrYeuFFLLqzAGpWinHooMRNGjpbWyk+xoX3GOw0zokiOyi9QIqwaZCrBgaItgR2IxVuLeDswUcxZm3bWNJLpGdYQC6cnkKswre29qLfwzNb5uMG1SY1/vAah/fVz/vYAZS5RlWER83lkfE2mwEZOoB33B6Y65CIrGA3XfoSQLYkC9uxGCMYUYA6DExBiYhDQnAE2Ychyp0ogNtsSxA3C3sK6EkHexW2DycJFi+6kDIrlWe7Jsc5cctH8JB2PpilCYUmUkeYZCADThQDdigVVdJtTubG/TCrxg+qBJVCjm6uqNpGlrWnBAbUB0F7HDVYRrNQoOVeu1bv0IU+/54VcZywbIuSTys0q9SG5m02TZohr63uMAVzLcSfRTJ5iEd1cKa/VVgv7MH5DiETGnKCyx5I/MkulA1NJrN9Rv6L06Yr8Lv6r+ZA/Ojh5waeRRQaGILIGMm7EeYhToQoqwSQe5vejiFHnhuTzPNVllKEkaZrOoa3GynlCgUpA7jcDvtmvDmVBoRMW6hRK6hR6nm5V/gA4G8PSXPNonaQ8wZnFLdqVKJsaFtqrb4fajs1LS6TtZp7IJL1vqJABFVXavYBTaI2CZHgGVlDDRIrqadDK5Kn2s7j0PfHf8A1Py3pJ/fv9+BM1xBbDpYlXYP0DDpTWLYAVV7nvXblnPEEzAAWAQa0L1Aqzq7AWN7AxqONvojzz1UI97+wRJ4Pyo2Lut9BqTf5Aoccsl4Y8nMKysHgYMHV9NboyjUoADKdRGwHvfat8Q4rLDJzAKwpjqNkWAwvte4xyhz+cz4ZFdkje01jYmxXJ798Zzxlh28XZ00uRZ918UGcF8GZ2CNYlGQYKWIa5geZmbotUBqqgdhWGCeF+IX/SZNPl9qb0//AJC/uwVw3wBlkhVHeVpl5vtKysk6sdjpcHZdvh6bdMJJsrxHKyMmYznEZYf6qbKxxTHT+jNF5RdWH6Q1A+2B0G/+rHED1zsC/KCWQfk+aOFviPgpy0XmZrP7MQixxZPLl5nPRIldXZnPQAfXbA0z56bkyeZ4oZDtrzMEWXhj9WctAGav0UBJ9RixZfwtJlwMwkgzedAozZrURR6rCoOmAE+g6dT3wIH+BOHS5bh2XgmBEiR0QWDFQSSqkjYlVIXbbbbAma8RDKjUUDGaWY2X0KBG4iG4VjuAKAHY/LAs/iTMR8uZjmh94oUZf77Ow/ZgJeIw5jNZGOEsUjJU6tJYmixJom/gs9BZ9qxLLQb/AK6SkcuXB/siST9oQA/u69qJ1Txdmf8A4c/+DN/HX+L2xa2lohEjUkAE3ygX030nc0fy+WFrTOWNgjemrVS7m+YbKAoB3G+oHuQHJeBOPGOYHXLH/wAOVf8A7T/FfIT/AF3kHxZXb3Mi/n90f49cWjJZ8OFBBBYbWpCkgb6T09TXpfWsc8zlZHkBD6V7UPe+bfc/sxGCqz+MY3AWTLLQ7eadv/pjGi+KssGBGXQEGwfN9De3L9a9q67YuEeciIUsUBKgkelgHA+dqRfuWTb4iBTD3vYAVeM71dWi7X4K5nPGjyKUhQKx2tSZX6/hXSAD+sSQLGxo078JcLbLwnWKeQ62F3W1AX3NDf1Nnvg/h8YAINMVIpq3IIDdfrV4450SSsRG5VVJUlTvZCmzv1G+3+ONpEGl+2OGTktb9zXyvHCaSSgnUnqwBA6/WtqvBWXQKoX0wMdzuMTEGJgU1wNNlA29lSRRIrcejAghh16jazVWcEUMIfFfFEhh0GdIWfl1Gi6K1guiWCxFf9SADSjBch2eQsG20ml1UOh7sOpq6NmxvgLxkB9kkvpaf8RfyxVspE8shkKxTQQxh1aLnM4MhDPGlkrIFjYEAk3QHUEWDw7xaLNQSNu8KyaFaVKJCgGmB6sp21fK97wBS8umqgOv6I1NXtsP+WCspJBEx1xK0oKFUvzGOlrYKgLHdbB22vt3deIpsksTAqVXqTGSr9CBuNyATddMUA+M1jVTlMssTKeZ253NHQ2531FRZOCQsvTcaOvUhAJvSqDVWsRiht/2a9h1ONJw7BndgvIGVmYG76A77d/bY4o2V49nIw8SxESSENqo7btuqj1si/1RjP8AoPOZkg5iViPRjdfJRsMe1RxxSba9/Q+e8U5v1uxvmPEGUjd9TnMUAY1F0x3tW2UD8J3vYEbnfCx/E2bn5MvGI1HQBQxHf00jm5th13FUMNOGeEogG5dTIwTm6amCkbDtzjFkyPDlWo0LCTVpCaUFAdWPLsOtH2Oxo4zLUxXyq/v/AA7Y9MkU7LeC8zmKeeQ3aLvzUCVQbbAACth6Y9H8OeHvIiEdxtoLKNUZahZuuYdTvgsMEyiOa6RMSSBfOh6n/r8zjVOIxqCTIRuSa8uhZs9e1nv6D3x555ZT+Y9EYKPQ4JAFkil0BnILkKAtkRy0qjsNyB8z64sI7fL/AAxXMlE7mNm84aFBTSE9CtttRsE0Pl36GM8msU70pTVrWPcO4XSAq33Ju/Tre2DR3mzbfao4wRoKEkVve+9/T9uOPGfEMWXZUbmZugBXY7EA2drvrhJw/gPkzxxGViSrNacmm9XKo3obftOM8YyhSTSJCwJYnWNZOiNDzbG/i2FbUD13xAM85xqSJA8scIRhdCYF69VBUB9uwOC5p4ldCkQd200VUClcMdWr5Kxr2wl49wwLDHIHO6rExYBl0MdVsaLBRdcpsiheBeH8Y+zDS6KykkwndCqlgNw1skRN6SSehwKWLiOZ8lgy7lxzLV/D0bqKNbe4A/RxzyhhdC8gUuS2qwNQ3ql77AACu49bws4hxhLCTRLroaCkgKU9fG5HKKAO4PbBWX44qMuXMaq4dUrzAVpr3D1zMDVqdzeBBnkckVWPUxOgbKa2OmhZHWgSPr3644cREwDtqGj0rcD54zImYWI1Tyah00g6aF6SVC3d9R09cBNxlnijCwszuDqHl6l5LVyOYAjXS/F3vfHPLj3xq6Nwltd0ceGPYRGBJI0sALAAFAj6m72wwmUZaM1zFva+aj27jGq6cvpJT4hv3I6Gie9X29MbcTRnCyow0AX6HvZ/LHDSYluqTW5fizrny7VuSbj+yq8S43OuwarNhqANAAfIHasLeH52cuVWVgZDzEkte1W3XoP3YskXh5cwHlLUWHLXTV+ka6iqH5nHXI8OiybyM+or2ZhYoURQA5mu+g6fXH1FthGu4+NCa3RVfQc8IgzCg+fKH7ABQKo9SR1vDBcaxkEWOnyxlVHpjg3Z527OgxMQYmMkNKws43w1po/u2Cyj4WIDCrBZWBBBVq7g0aarAwzxhemKUqXD+H5mKmjgQTc6SW+jLspcurDTZ1C6A0dCRsAMN34UzQzKWAlltjp+BWqlrYXWlbPU7n2DYYmBCiweCid55C36o6YBXhWWyspiRDzFbNKQmvlUWeaz1NA112vHozreKRxPgUgmlPkef5rFlfl7qAqNZ5QpUb9CG9RiMqM51UhoFWZiL0qLIVe5JNAfM468O4d9qZ2VpESM6F6ofMG76l76dlo7XqwZB4U0LEyMiSqqiS0LrIw3tuZSTZYXe4Y+1OuE8P8AIi0atZsszEVqZjZNdvliUAPh2TBbNKDRE6kGrorDl2G3cWBtgtcq+ouDGHZdOvc7DuF6X079lu6GOOYy08bytCFdZaLAuY2RwoTUjaGBBVV2IFEXvdBKPD79ssF9lzRHdWJFQ2CSoO3ShVUKoLXl4giqqnYDSOn4dvz2wPBOgneJQdZUSue29It+5CnoPw4rieHmAA+yrQ3H85qjRF7Qjei395vU4JyXDJYm1plUB7/zki/h2NQ9OUGulk7b4oGuRckKVF0gUknTvsdrG4+W3btjk8rNMY9O58tjTA6QrBiTtsNiB6kfOuRhlJJOQy3/AIo/9nGJps3Gp8nJQ3Y5Vmq9wCT92vbvf59MADeJs2YZlkB3ERAPpqLC+na7wszObhSSIJqIVZDJIdLBmk8umJ11Z0nuMNeMxq88aSkIGiIO903MRpO1kEbbb10wrk4hNCvksusCirKTGaBvqRYXY2K9d6xCj7hOaTX5UbH+j1FdiFIIBIILCm1XVndb7klHxvjCNOaJAXkDbU9JOCRsRQZgN+5Hth1wwli8srp5zpQRbARFs0t7k2bJ+WKc2SRn/owaywcUStNoU6zXWgW2PrgQY5/jAIQ7q1NyDfUDDHXVe5tarqDXrjpmOKjz9QvVqHIDd6ZY+5X0W722xpxXIRmZj5Y5IoWFHSF1GmJUbNYob4G4zkF87MsFACSItWQoDIpoJ8O5s4Au44nFoEhkCqwvcjYCgb9KOxPS8JPDWZh1zPYjZjrUMxFI/YKwFG0LHSK3G+OuQ4QsiEhmTS8qUlAMjObQgg7bdsbcbg15iNNVB0KSgrrHlkkr12Vma1BxQERZpM4q6CdIbmNqdtOobqTR3ArqMNHiGnT2qq9qIxsFroAPljJ7YyopScu7K5Nquwm4fMyVGIjpUAMaOr8qrr798CeMvCsWdVTI8iso0JpPKC7AaitbsBY+RxZGxrPEGUqwBBG4ONWZSoD4TICukOWVQqqWvW1KOZiQLJrt6HfsDlHvgTJcMiiFIgG9gm2IJFGmNkf5nBa9MCnUYxiDExCGhPtjCn2ONsYAxSmAfY4l+xxkDEwBi/Y4l+xxmsQjAGrH2OMk+xxlhiHAhi/Y4gPscbYwMCmAfY4gPscZAxAMAY1exxNXtjNYlYAW8W4PHmCrNrVlBCsjURYIvuL3O9bXhcPDBH/7vNH+1JdfW8WMjEIwAoyXBFjOsySyNRAMjBiLBBo9eh9fT0GNT4bgKopEnICthypdW6q9VYPSvTbphyRjOAFmZ4NFJIsrK2oBQQGKqwU6lDqDTAHfEfg0TSmYq2okFhqOhioKhmS6JAwyAxAMALP9G6YHhiZlJumJsgsbonrXb1r1OF0vASY3fy0GYJVlKFgF0kHQjEgqDTegGs4sgGJWABOHeZp+8UqbNKWDlRtsW7m7+hGCiemxxnEI6YAwT7HEJ9jjJGIRgDF+xxFPscbYwBgDoMYxBiYhD//Z')
INSERT [dbo].[SUBJECT] ([SUBJECTNO], [TITLE], [DESCRIPTION], [CATEGORYNO], [STATUS], [IMAGE]) VALUES (15, N'TER', N'Art subjects including music, drawing, painting and sculpture allow children to enter a state of relaxation. After concentration on STEM subjects,', 6, 1, N'data:image/jpeg;base64,/9j/4AAQSkZJRgABAQAAAQABAAD/2wCEAAkGBxMSEhUSExIWFRUXGR0YFxcXGB4VGBcaFxsaGR0aFxggHSghGxolHRgYITEiJSkrLi4wGB8zODMsNygtLisBCgoKDg0OGhAQGi0lHSUtLS8uLS0vLS0tLS0tKy0tLS0vLi0tLS0tMDAtLS0tLS0tKy0tLS0tLS0tLSstLS0tLf/AABEIAN8A4gMBIgACEQEDEQH/xAAbAAACAgMBAAAAAAAAAAAAAAAEBQAGAQIDB//EAE4QAAICAAQEBAMEBQgHBgUFAAECAxEABBIhBSIxQQYTUWEycYEUI0KRUmKhsfAHJDNDcpLR4RUWU4KzwfFjc5OistNUdKPC0iVEZHWD/8QAGQEBAQEBAQEAAAAAAAAAAAAAAAECAwQF/8QAKhEAAgIBAwMCBwEBAQAAAAAAAAECEQMEEiExQVEi8BMyYXGhsdEUkUL/2gAMAwEAAhEDEQA/APa8YXErGFG2IUyMTGAMSsAZ74hxq1DcmgBuTgKTisQBN2F3Y7KB9WI2+WAD2xokytelgaNGjdEdj74UZji6yKBCTuQC3SrNBVJ2Lt26hQCx6AE/K5ZYY9yBQ5jdD079AOgv62STgAzGBgZ87EDRlQE9BqFn5C8ZXOR/pg/I3gAgYgxpEwYWDY9cbBcAZxMY074mn+PywBk4hxgriFcAZbpjOBszm40Ko7qrPegE1qqrA9TuPzwRWAIuIP8AH9+MKNsaJIpYoGGoblb3AJ2JHUDAHQYmMAYgGAM4h7YDbPpqKqGciwdClgCOoLfDY9LvA8HHss/wyiwaK7h79lq2+YsYEGhxDgLL8TikbQrHV6FGTp/aA39uuDCMCm2MLiVjCjAHQYmIMTEIaV74wo264ycYB2xQU/xJ4vEMwgTfSfvGHr+iD69z+Xrhpk/EcJQM0gAJAs9iezf44ReJ/DKyFnTY7n/rig8M4/5TvlsxHeXZqk6hiR0AI3oHfHOKk5H0cr03+eO35j2jixakVatmIXV8BYI7LqretSg/QYrsOehiEjlY5cyCUKop5tTAMPgAbnsmgfTfrgDgE8gQL5i5vKysAjBtEiG2YkC9tOkUQeq3t0xYl4W3OV8mUOpRi4MUhDddbICGPvpB6YrlHftvnweCuBPluFFUiYaxJJbSLCEZQBVpTMOmoChdDaupJ3FGSSNUmjsqTRZjanelGm9RC0CSauwCSDg3K5Jo2Vn8pBqBITmLEKVG+hAAAx6LZ23rbCLijHWfYv8A8R7/AG48uu1DwYt0evQ76bEsuTaxaOPZNKKKVKAiwJeUULN+aOoYfOz9CD4qgokgNp66opGqjRvVL1B7YRpBMt35KgKwVQOXUdFFgavcP36Ed8c381gbOXBI3F2CCragfXmIPbHiWuySfpf6/h6Xporr7/JZofHka8uoACwAIG/DWqlEu1EgfXDvh/idXCsWBVqpgNGzVRolgR68wodsefxySCgzZavbbuQa67aa/PHX7S3kFWZGkIK/d/CLsCtzW3541/rz7opK+a98In+fFTb8e+7PQpsz58xgDqoRzrUSlZHAQ/hUAganQ/F298dMnn2jMcOZaNX0Cn8y/MYEKdii0Sa9fiGAj5xmUEy6xIa1RM0Ua+UecEKoYk2u7n4jteO8LPmiocSxr5Q81CjRqzsRqS3SyNvwn674+wfOBX4kvmTCTPSRFJCoRVjoKFB7xMSdz3xls9COvEMx/cXtfpB7H8j6YP4jwrLDXPJH6u5Vn3oA3pU7nlHQdsD8M4ZlJ4kmjjbS4BFvIp7Dpq7UB6bCu2BTGTTLzSEGaSdvLcaJVFaCyatvLUHdUxxj4osMyRQyNNEziNr5hCx2ASY/Fv1TmI9QBWNOL+FwXjMCKo0usmuRyKJQi1s6xanlOx74Z8N8PxxEO33jj4SdlT/u0Gy12Jtvc4ANz8xjiZl3YDlB6FjsoPtqIxWF4bnkjSUMjSBizRUAwvqfOvnY1zA7EHlqlw34zmHClWVVUvCEYn4mMqbV/HQ/Tt9scs8QKa1BJ5Xrsdm6EjUu36wwB3yTyMzsWQxMFMVA691ttfb0qsKM5xPMaZlaBk+8WOIq1tIpPMy8tg0rkHtY27ltwOQNl4WUggxpRB/VGKXxjPSyyo66SVawhcIRVUlnp1KvXMSCOlUINWy00tRSHy4wKGWgrVXpI3wqPmd/QHC3jcsJi8mMKxTcFSRDCe5eUc0rNRBA67ir6j8Rz7n7qU6B2gRWiQ36ggPJfptfUHHXJcKknZV5VS+YDcKv4rrZWI2o8x2LLtqwA+8L8H8tQzNbAAAbWAbNkdtmNL2DH1oZ8X8dbLIFQFnfr+qu9m/0jRr5E9FOGeZMeXV5dIBau9aiOg9h1JPYAk9MVjMK87tCWpmAad+nloaIQX0ZqG3akBunJhR34X4mcwrsocRAgKXOptVW41dSo2onfc/IOlHvhBDxzLwhYYwAqkoAGBrSTv731vveG3D88sqhlIPXbUCRRI3r5ftxQGjExBiYhDQn+Kxydtv8sdsar0xSirM/X8sUzxL4finUKV00fiA37munQnHobwg4VZ3I9cZ6A8u8HZ6OB3inDK7N9210qgdgOik7Xd/Xpj0nK58oVs9fhaqB9j71W3vsdjipeIuCJLYNBv34T8J45JkiYcwrSQmt+rLXS7B1KOoH/Kxj4+r00nP4idS7M+niePLDbHt2PWMxMHUGt1IJHWx3rFW8Sxs2ZSGL4pmJHUAIRqLWN/iMnTsDgrh/EFKiSNtcZ3+K2Qdt/wAX03HvsS3y6xO8cx+JAwVh0pxRB/f/ANcaw6uORrFqFz2fZnlniniblEW5PwXl4gWd5XNWx+EbegAv9pwxTw1lQP6N/wDxJP8A8sMuJf0Mn9hv3HC/M8XCvQNAWD0IFV17nr2O37MfYSPK2zm3h/J2FMe56DXJf/qwozkOVyjs0OWDGMguzamAZyBGq6m+Jmsahek9utPOHZ0Syna6BIO4o2BQB7cx69cAjg65uSV5gwj8zlSgNXl0pYkrqCsVHwkX79SaXYRb7jDimZaM2SdJFADlII66jpJI9xVd9rIDm4YZSFlOonfQLZUXbmYkksewF6b7EA448a8TZLzBFqfMTIb8nLI07gkFSHCAhdidmIxzy/F83/U8JlVT/t8xFEa7DSGkIA9NgO2ALNFEqqqKtKBpArYACqwHl+JKWZTpAFna7HOV5tq7fQmvfCJs9nF3bhFj/ss3Gzfk2j9+OZ8U5ZTpzCz5Jia/ncVRk9Nphqj6frjFpdmZt90Wxs0n6Q6X9Nh17dRjo8gAJJoDck7AAdzhMYAqsyaRro+Yp1o1WRvvQtib5hv3G2N8vKHBy01szqbo7MpsbEVpHWiNum9neO11NJpnDN/eIJ3BADRiJSK0qZUt29GYfktDYlhjEOYX7VNzCtL9/VMt/gfywbmuF64yrTSEVfMVqxRF8nSwMVuHIqQr8gMreV5nmIUOgtZVfJ081NRG5tfQUA64afISJ/6p0TXt/RuVXn/st0b0NHuxwfmIpWkOl1WIpRpT5mvV1DXWmtqrAeVyJcSQuZ1jX7tdTLUiaQNqXUB1HW8H5viMUTKruFZ70Le7aRZr5DApqcuapiJO/Ol9gPX2xwh4sp0KsbWV16RpGkUDW7DswO3rgmDiMbmga7c1C7rpvv6YqE+Sjy0h88lgFKK7ianRo1HVVZbALL179BQwL9x1npftXkCNFKks7eZYKaVAVl03zjzFIoj5jrjqOGpl8vIoZiW5nkNlmJI3J/jqepJJC8M5HyyX5qrQiU66gRGWkqSqtlroPrthxm8zMquwhDgAlVDAM1A7bmrJrEFMpkMiKG3csRysKABv8V71Xp6+4w78HEW/MT12325hg/8A0FFJUjKVYnWV5di25B23on9mGOSyyxoEXoL9O5J/54pkKGJiDExAa1jVRjYjGqjFKayGlJ9AT+WABK3lgHdnO3sMMNNivW8K59SLsRqAEaHqNTsFVvpq3HtjDT3D/wAgk+Sj1aVVpZB8SqBS3+kxICmj0JvfphDxvgbMOeFgPUU1fQG/yBwbl9UnKtsn3oSNZGgOuJ6cyuDrdyDeoAqGJB7HHCPyW0eRNDANAYyGRxIrLQYPFapKxJosfkRuMacU+oi9rtFIRZ8i/mwnUh3K/hb5eh/jti5cC45HmLeI6G6ujEDc9du3ck+g77kMH4eJHKuqglzFJpvQZAqyKyg7jWjbgk0QBZ6mpeIfB82XbzoLBG+3X/MY+ZqtGpLpa9+/6fSw6iOT0z4fk9DgzIdWja6Nqa2YbkbfUHBX+hoDvou971NuT1/Fjzj/AFjzSeS8uWMekUX33HTfbYbXR9cX/gXHYcwp0SLai3W90783p6/I43oXOKcJO12+x5tRiUfUiZ05XJRNmJD5aJ1OpjZJ2ULfMxIAC0SdsJ4uG5niPPm/MyuVPw5RG0yyL2OakXdbH9UhFXRJ6YxwGA8QnHEJb+zxkjIxHYGiQc0w7u3RL+Fd+rYuAXr/AB2GPonlBuHcPiy6CKGJIkHRUUKPyHf3wTX8fliVviVv/HtgCEdMazRhgVYAg7EEWCPQjvjYjpiMP4+uAKpmfCr5UmXhriE9Wyr2crL6gL/UOf0k29QcE+H+NpOHKI0UsR05jKv/AEkTHex6qeoYcrDpixMNjiu+KuCOzLncqKzkAOnehPH1bLyeqtVqT8LUfXFTojVh7ZIzltbEQkKFRSKcVbF9rok6avonucHyQq6sjAFWBBHYg2CMKvDWdGYjXMRn7qRSQvQo10yMvZlIYH3BxHmLTSfEUjAUBWYW5Nn4epA/gdcGqfAi21yFZPKvHIRrZ4yvVyCysDsAaBIKnv8Aoe+DSgJuhY6Gul30wujzR6q5O4FOAepC7Opq9+9nBhzKBtOsattr33O231xDQr8R5ttoI/icb+tMdIUWDRYhuajQVj7gDJRrCRFOIGIdgzMvOdWtwbcnUPhFn1o0RuPNPK2bDaLkD0nNSaQrUp2NsQ7kG/ehpo78biiOZcOqyNpB0+a0bBUjLE8oIINV23+ewoLl2dEWdHCVSuDQ1HUeYqp0ugDIDQFWSCKOLFHx6EoHY6Rptr+FexBbpsbv5YT5WLTkZPK0OGZgzBjQQ9QGO+16QSNr1V2wd4akZlkRl+6s0HILjVRZWHfdm7Cum/aFfI9hkV1DKQysAQRuCDuCPbGwGNY9NAKRQ2AHasbKMUydBiYgxMQhpjlPMI0Z2OyqWO3YC/XHW8DZuMSI0JNa0Ye9HYkfKxilK7noc3nEiZCscbhtQVyDTbU/Zug6biyPfGcjwFYFkKoPNjKHlB5lVlk5bJPNpIok7rtt1P4JmWijEMsUgaOxqVGdGF7MrKD69OuGWSViXdlosRQNWqgUAffq3tqrtgCr8Y4Q2kPEkeZiI5FaJZCNbWBZ3MXOTakMtA81Vg7hnBZJI4fOYoqEtHGhkDpYKjVI0hYUh+EVRNWaw0ysYSaRF2Uor6ewZmcEgdrobDa7Pc4MzEmlS1dAT+QJwILOJZdYoRFGrWzfd6eZvMFyBmZm3NrZJO+GhBK8wHTcdReF6GR/LmlKIq8wAN7stWzGqABO3v12xvPxmMA1b1107gC6JJuqFHf2wBVvGmXRZo5WDxw5cLLK8aSs02t9C5dEX7t9Z2YmyAV2F6gr4FwfI8QbNjLpmcjOKjzMbjQ5SUXvHqIAZdQB2I+XW9ZTjkbnSRR2/ErC2FgagSLO/wCRwm8C5MRy5/UJGmfMlpJXjMYZSPu0jJPOqLtY9fSsSi8lpy0IRVRAFVRpVQKAA2AHsBjcd/8AD2HviKfbHLM5pIlaSRlRF3ZnYKqihuWJoDFIdd7/AMv88Z3v+Pb3xxymaSVRJGyujAFWRgysPUEGiMLU8U5Mh2+1QhY3MbszqihxpJXUxANWOhPpgBub2/w/zxGv+B7/ADwl8ReK8tk8r9skcNEa0FCH80sCVEe9NYs3dUCemPIvFv8ALQ2ZjWHJJLl2ZgHlOl5AtjaJQfiPzHSgd7AHu7XR/wAP88bb/wAD/PC7hzeVlUMjvSRAu85UOKWy0pug3W96GCslnI5kWSJ1kRt1dGDKe2zA0dwR9MAVXJuclnsxCP6LMxnORLWwlSlnUezXHJ82fBWUkBjChgzElnBABLE+jkg/QN12rGvi7km4dmOhTNCMn9XMxvFX1Yx/lgjjc0KsFMWpzZ5TpI32v1+uBuEJTdRQTlYSSAw6kk2G3VFqtzfxOOw6YIg4bHFGI40RVVaQEEgdask3WA30ZNGbdmY0oJ9unyHrXpis5ziMkrW5J6bdh16DtjLdHfBppZOeiLXlhmKVpJorCjWqDkFVdEjUAa7nFYmziSZlyF1MYnYS+q+Sw0hL2Hz5vXAsU7K1iwfni5cDnEkQcoAwJUkAC6H+GClZrUaZ4ld2hb4O4hE0flogiJZmVL1bAgEg3f5gH0sDFiljvvuO42P78QRKNwgB9gBjdjjR5LF+Y4SrLSu0RsHVFSNsQ1XXQ1RHfB69MZxhemAs6DExBiYhDQnCfiOZEcgaiWKEKNVBmLJQ67DuTWwBPbDnCnN5VXzEZOq1RiCL2tkBr6YoBouJeVUMjFpLFNZGtXOzUDSi+QnoKBPUW0Mg7Kxvf4j0798DNwtWVlLSEMCG3O4br+YwBl1cssQlkEgZhKRfwpRDf72tNv127ri8EplgSrv2+v1wi8R8WdSYoiAQpd2I1FVAOyqfiY9AOh6WCcPohQA3O3fr9cU/jzNFmHcFgbR10iy2lhYqqYaSRV30APpDQEJVDj7x2IbRqfVJGzbDSJGVUBBVRW4+LcHBnGOKa4YgQyoshWYICBQBAOpTSjWBTG1vv0OOmZ45lzlfIkIRWBh5wVKgALzIBqVgCp6abrmx1lYiFXZFeZwWaAAlTG+/lsDfQbmx11UPQBbIIfNb7O7tFptwWLqrDzBuzE1blNidyCR+LD3h3EZDxCXLu1qMpBKq7bMZJkc31s6V/IY78L4chqYhBfMFRQqggaRdfEwAr23HSsAcaPk8SyM/4Jklyjm+jNpmiv5mN1+bD1wBYM5nY4Y3lkcKiAszHoANyceAeI+IZnjQnz0zNl+GZayi9DI3RVA6NKxKgk2E1UL7+l/y2ZSWThMwis6WR5AOpjVrb6A6WPsuKNxLNJxXJtlMhG65HIZYyuaKmWcRNojA6mjqck3qIPsSIWTwlPLH4ZLFo8uwglMb/AApZ9Lmt9bXsRuSV7nHmk38mjp9jhaX+eZyiINFCCMbs8r3ZodgBuG3Nb3r+SUZziKZds0AuSyYUQKF0+fIgpGezziMb2KGqupBph468G8Sn4tFm8lMIl8oRmYsAYgC2oaOrWGsV3PUdcAcvH/Esnw7JQcMSKPOZlVWOFJUWXyywoSOCCAxs6V736YbeGfAPD+G5aKfNJEZ4fvJJ3NBX6mt6pei7dr64pXjrwbnoM5khkYJJ1iCy+a3OZMz5mp5MwxI5jpj+IgUAAdsPvGHgTiGdyEkuamE+cBV4oI+SCJQeZI1/FIRfO19gPUgDfyocZzeb4bPPGDlskCgUONM+b1SKt6escO+oXu1ehxcf5IQw4RlA4o6WI/smRyp+qkH648n8PcTz/EI4snmcpmc3FAeVB9ykjoWH87nYE0nw6RXTeyMe6+HstmEj/nLRFieWOFdMUKgACNCd2qviNddgAMAK/HRuPJqOrZ7K0P7Mgc/kqsfpgnhc0SM800iK0jsqa2C7KapbO/+QwJxo+dxLIZcbiESZuT2pTBF8raRyP8AuzhdxHPOrmRAiRzRvpLKJW8uN3eRtJIClvMFKdV0t1RqM6RnUWvIy4vCZp9PmRqeiIzgOQBdhOu+/bpgc+G5b+JOnqff2wpyBkQLl4gtNMlK6jUsi6Za80MSAVR9yrEFSBsVxZs74nREWkuVyyiMnZDGzI5dhdIGUix8Vbe2WkrbO0dXkgqVUgGLwzISNTqB7WT29sWbLZdY0VF6D9vXc4864n4qdZNMrSUQTqVmjQetKpFAfrFjsfbG8XES16XJo0adwQfQkMCDjxT1+LHzTrzXBwzayWT5uh6QWwJnHlDKUClKOoHZvaj0/wCmKjluNzJ0kavRvvV+urn/APPiy8L40s3Kw0ubqjatQs6GoGwOqkA99xvjvp9ZhzcQfPg47lNcMYQTq4sfIg7EEdQR2ON1OB60zCvxqb+aFaPzpq/3RglemPSzUW31NxiYgxMQppWAzp80C2DBL7aaLAdx1JH7MTi80iRlogGYEbMCRpsajQ3NDfCHLZ6GYtI7uJEAUhCKIBUjSNx8TepAKtzULxSlj2H9Z678tda617j88apAmsuGGpgqluWyBZUE105zX9r3xXeH5zLyHbzWUhn6q6fgDAkCgd0sXQ9sdjHDq/r1s3Y0gdVKm/TkUg+2BCyqv1wu41lI5AqswVyaQ3RJ6V+2vricOz5dqN0QNJI3+TfrbXt2xwzs6gee3MdREYPRQtjV+wsT/Z6dcVfUkm+i6i5YEViBrWdiAyLQZ6og66vRt3O1gX0OF8ULsz+TF5xXZ21KN1dgwUluupOUEfhJIFrex4jzhiriUvp82nAvVpEd+XoB6nSST0U77DRJ8xGzPE1iUFxqAUAsxegQja1Ora91urrENHXgGaCuEo+TLpUo10rlRdavhPS1BNHYX1DnjPCTm8pJBq0yqbik7pLEQ8T/ADBCk+tn1wp4FlGdxI9qqnWxJsLVsEU0DQve6uy294tfDlOnUbBclq9AdhfvpC4LoZfzIC8LcVGbyySlQr7pNH/s5UOmRD8mB+Yo98E8O4Pl4EaOGCONGJLKiBVJYCyQBvfTFfzP8x4gst1l88RHJ6R5oCo39hIo0H9ZU9cW1R13wKUHgznhOcGRkJ+xZlicm7dIZCSWyzN6Em0v5bm6v2kX/HthZ4j4HFnYJMvNelxswrUjDdXU9mB3GE/gbjEzGTI5s/zvK0HaqE8bf0cy+tgUfQjtdAC2FR6Yp3jji0rOnDMmwGazAt3/APhoOjTGvxfhUbbn5W48XceXI5czEF3JCRRj4pZX2RBt3P7AcBeCvDr5ZHnzDB85mWEmYcdAfwxJ+og2H19qAbcE4NFk8umWhWo41oep7lj6sSSSfU4qub8S5rKZxocyitlzbRzAaSb6Kw/SG9n298Xlht1xUPFz/aMxHkkQPSNNmGP9XFRVAtf1jPuPaNsYne111Nwrct3Q24dm4I5J82H815ygI6FEjWlRR+iCWb3LnHHOZGKWRpIvNAKgqIlD6ZdTlg8bWFDhlv4Vans74oGS4hHA7wTxmtdCTbUoBPeiVu7sEfXpi1QTMlSQuZEvYqOcWCdwOopW3/VNiqJ8Xx8sXb5XjueXJqUsj2r0hmT4BIQqypKsutKWMIsSprRnbzUAOql9VbZQLAsqYcx/O5WUAAF41WrUJG3l6dPpSgkfrHvi4cH8SrIB5jAX0cVpPz9Pn0+WKn4o4c2XzJkX+jkbzEfqAz/Ehr9I7j5j0x1ySWfC1jfJ1tTj6QDNZTMxL5gImjohlrmVi10RZsafhO99NuwWWykc2rTcUgsNotQNQKWDt1AB2P4FvocWTI8QA2akaqKuRpYHeg3Qqeu242bp075nIqOZR12siiCPwOfUevpv06fHyOcYv01L/n46NHB2uxW9WZh2KebZ6g0FsUB0JrUNyegfry4OynE1IJVwpG433Ui2R6+mr5WPXFmz3D4VjjKy2xIB6Eix6dq6UevTC7NeH8qcwAXXR8Wuh8RA2bsfhXc+gGHw9s1KSSkmuU138r9iubLllj5jeZVKF0j3LUW+goD+9gtRtim+HMwY5hGp5GbSQNlOzEOF7NagbdQxu9Iq5KNuuPu4M8c0FOJ3hTVnQYmIMTHU0D5yYojuADpVmA9aBOKZmc7HmAJJXZjGGGm4FAbY2oLh+3rq3r1GLrmIw6shumBU16EVhBB4dZUaMTHS1/7QUG2qhMF/ZXtigmTgkbySEjKTR3mCzuZDyighNnSL6E9z072CSTSCzEAAWSTsANyThJDxOCM+Sj22XpGDAjYjpYWroA9K7fLpPxiN1ZGW1YFSLqwRR7ehwArm8ewq6gpQb4Q0ipIwP6MZ7+xYH2vbHbikfn5XkphTjcEjTKp0uRsa0srfXHlXjTJwRZ6LUWZTJpmJOklI3VL22DaQRYr4eg6n3I5MLp8vkKgKKFqVXopHcDt3GKiS6poqLcUlMJy5hsaiuoc0YOrUtOzKWUnewtr0q6w+yEEkkSITUSrVi1Mn9kWdKegs7VuezI5KK78pbv8ARHt/gPywSx9jiGhfleHMLDsGQNaIo0qB2BFb0ff3wRms6ItOoGj+ICwK/S9P8sdMzMVHKpP/ACwO85IAZCp/CTut+59D0+RODZhJROPGeHR53LS5djyutWPiRuquPRlYBh7gYH8G8Ukny/3tefE7QT1/tYuUsPZhTj2cY75LKkSG0KoN1APQk9Aew23Ubb98LPDTac/xOP1kgmA9pIFQn+9E35YGizi7xTplrxBGQBZ4c4J9QMwhH78XENv3xT5z/wDr8X/9fJ/x0wBt49F5jhQPT7ap+oikIP0xb2vFQ8dn+ccK/wDnR/wpMW5m+eAB+J51YIZJpDSRozsf1VBJ/YMJfBGQdYWzMw/nGbbz5f1Aw+7i6dI49K/PUe+OX8pbXw6aMWDKY4R//tKkf7mOHXFs95Sco5zsgI2v1PsBv+Q74AR+KfCkeYXVpAauo6/5jHmUuUzOQe0J030/DsQfobAP0GPUeGcQYuI5JXbVsCKXS3oaFUfzB+e2/EOGayyVqFarPUWaoit+jb+2OWTEmcp4oz57lGyPGIcybBEE1bg/Cxrq1++2qyeYb0pBeQcSKFoZFDp0KPRVhZHawrbNt12NjFa494VolowQR26fke2BOHeI5YLizKmSP36ithdg9BVehCkVWPDPC1K1w/KPI1LHLx9S7xeGsvPvBK8R3JjNOv5Ht8jjg/gjMJ/Rzxn2AaG6ur0scLlzgH30MgeMsK30MrM1CtgAN19/iosFJxYsr4oaGQQ5sbk8kyD7t7F162L32x6sEpTTU1079mezFkc1yisKJ4ZhDKpJpQQTqBDbKQ1AncVvvddKF9eI8ZjjYRm3eu1Ei+zC+p/b1+dg4xw+F8z58sspXSukRxnQALH9KAbO7dKNN9cYbxDDACFhjCLekhtyL6m1ssep6nr1644z0GOU9z6eDTxpuyeFci+pcxMvlL0hRzTszAjUw7HSWAXruT6YsXEM/wCUopdbnZEB3J6Cz2F98V7PcQkiJzU0DOVU+UBZVCemrbaxQsWSSboadLfgsOoCZm1Ofb4T0P17DoAOnUlvXixxxx2xXBpRSVIcx3QvY1uBuL9j3xMbDGMbBreFut5XZVkMaIdNqFLu1BjWoEBRYHSyb6VuywrTMeXFmJKsq7kDpZoUPqaGBTsuRbc/aZbPU1D29fusCZ7JltI+3yJpcMd4hYF7bIOvvY9sAcVhMWnXlZM6zLIzMbKKyCwqx0VXUdht26seo02bMYYjhaKU/VGluYoAjaB10sbrYaDR17UFD8W+Fc5m5tapHpo9Z4hu7s7Gtfq1fTt0Hr3ApH+zwiXSJRGokAYNzBQDuDR3wlkzzamX/ReoK2knSKI16NS/d821P6aT1BBUDma2UPwcbkbhVYC2Zdz5YN8ur0ojeyAQLixxCw9cUkTMGAPDZYwTGPuXlWtTSB2OlVFKEQ/7/wAsOeEPMiZcysx85BrRxzRS+X5hAPxaeVwQxJut+uBB8WxpLIqqS5AUDck0APfHTGrRhl0kWCKI9QcAV1Ys22dSVJlOU01QKm7F7eosKNXXc/PAnieQ5LMrxIWYSogzgG5WPVcc4Hfy2Zg1b6XJ/Dgw5XybdDVGnUbWezpXqNytEdaFjcXxjC8/C85a6vujJFQty0YEiEgWDzIp26+mAG+X8T5J/gzuWb+zNGf3NiuS8QiPHYnEsZX7BINWtavz02u6vA+U8R8LnjWQZCSYMPiXhzyKT0NMIyDvYwPNnOE9f9CSHtvw9V/9QGAGXjnPRHMcLIlQ1nATTg0PKk3O+wxZcx4hyaDnzeXX+1Mi/vbHnz8U4UDtwNR/ahycZ/JpQf2Y7rxmAf0XAo66g6soP2IXP5A4AcS59OJ5uNIHWTKZRxNLKpDJLOBcUSMNmCX5jEWLCDD6aHzFHmPdyEAUu1MQN6sGhWx74r/8l5aWDMZ1oVhGbl8yNFYMFiWNI06AAbq/YHffDfimR0yFxrKsQ1KWGl+nY0L66vW/YGoM5ZLKKzhDylaYg7WR6C9z137A7dscs0akcLIwF6hb3RWt66lbI2JI/M4kEDSM1ampQWJLX8V1GTtqrVXSiRZ7A9spDIoCRk3YBIfQosgnm5drO3rt643KSZyhBokmXWeMSAAagDXzHb2xUeNcDVrBH+OPRY0CjSBQFAD0AAGBM7kg1mscZRTOrV8M8YzHhU0fLkOu+ROik/pE9Af4+QmW47Nkx9knXVCQfNDiyFIOoqfUmyD6Y9NznDqPTA03h2LMKyOo5vxfi29/TEg64JGKiqRUfDHjSPzGOXcwqW5ImJaIJ2UpfKe9qQbPcCsegcRzi5zh/mmPSXI2uyumTSzoa3FKzKa3FdLx5wn8kEozsYDacvquRgfwDcqvox6e132x7BxCEBI41AC3pAGwAWNyAPblGNmgXNFTlEEa2D5VITf9YnKTfzGCPD7J9njCVpUadgADp21V+t8X+9gXh2W8uCFNWoNIrLtVKT5gHuRXXG/hnJtHHVjS2kqO45QDf5AAegxAOhiYgxMCGlYWwZYSJPGSQGd1sHcWBuPcdcMqwv8AJljdmjCurkMyk6WVqC2p6EEAWDW4Js3WKUTcc4FmM0ArlCArodMzRiQSLpJaMwuAR1As/OrsHPeHJCGMxk08xpcwhC6yKrXGgsVQJPcjFqXMy/7A/wB9P8cCcV4hKirUbhmJ2Wm2UdSdLAdcAK+HZKJZkkabNRt5juBKwMbmXbRrGqM+wDXh1nuMRxkqAzsppgtAKSNgzswUN303q36YqGe4qykgRqxfZkIAMgO2lkVRqvpZBPpWNcrnJ0fQIJFK9F0s7hWJ3ZhzamIJLA8xs2dqCi1z8TmCeZ9nULeweVlYm6ACiI7nFeznioiVWl0poA0omvMU8pKAswCrqrUAA1DUbO4wLxXiUmgBhQDBmt2ZwCrIeR3L1zr0X19rrHGc7GJNPlo40DnKlvxd6BNDsBZ+WOkIprlnHJOUZUkW4/ygJ2c1V39nYKRWrr53oR+7G3+vwA2tjrCafJZDZZV6+aemq+nbFGfNAkxiJCCdN9BzSGPYgCgq0fWq9LxouZQLqGWj1UorSbAYa9zp35qG1kHcjG9kfJy+JPx+j0TJ+LcvmHCeVrYhuZSQQEok6nChfiFUxO5rvh1n3LZKcZWQRusTLG7nQI2EfKXsctbGyOm/TFDy0KKSVVQTd0NzZBN160PyGDpM0v2fOicsYny8vmaK10ELcl7aq8yr23GE8O1XYxanfLbRQPD+WnaBWjkRVOq/MeN2J1tbGT7A+qzqN6j164aKubXrn4VH/wAxGv7ssldcV/hP2IRKZ780WWr7OBVnT1oXpq98FHiGQHQyV/3uXX8tGbQ9LxwPUMZ89J0PFwPWs9qH5Lm4z69scWTXueJtJ6KDmJr/ALubk/ccDx8SyhICpK/t9s/5LnmP5euO0s0TAqmRdx31PmZqvvzZeUf+Y4A9A/kUiQcObSzazM5ljKGMQyaUuNVv4dOlr76idumLlmsy/meVEoLVqZmJCopJC7DdmJDUNtlJJG103+RIVwsL5SIBI4DoGAnFKfO56aybX05NqG2HHEeBnN5iRvNZBGypS6hqryJdyrDavMSvSQ/IgNZPtCrbTQKPUo/7/NGNxBmf9tD1P9S//v4rh8EyO2qTN+YKXYo1ikdCQfM+Ihl3r8A77jZ/BcjBgc5JRXQBzArSaBREl0CAw72W33wA/MOZFkzwgf8AcsPT/t8YSKcjUMxEVIBBERog73fnbjCAeC5NbFs3qTUGRGRjpCTxzoL8zfSFZAevP7UcnwfMFVRnK0tGxOhtTeXezHzar8OwHLsb64AZzQO2g/aYjrHJUfx2Cw0/em+VWO3YH0xwy8MgKEZiOmI0nRYaxYr7zex6YX8U8Kp925zIj0QJEHCm7gjnRXBDit59VeqAXvjk3hNWGkZ46jpAIO9oiotDzPVGsDrrYeuFFLLqzAGpWinHooMRNGjpbWyk+xoX3GOw0zokiOyi9QIqwaZCrBgaItgR2IxVuLeDswUcxZm3bWNJLpGdYQC6cnkKswre29qLfwzNb5uMG1SY1/vAah/fVz/vYAZS5RlWER83lkfE2mwEZOoB33B6Y65CIrGA3XfoSQLYkC9uxGCMYUYA6DExBiYhDQnAE2Ychyp0ogNtsSxA3C3sK6EkHexW2DycJFi+6kDIrlWe7Jsc5cctH8JB2PpilCYUmUkeYZCADThQDdigVVdJtTubG/TCrxg+qBJVCjm6uqNpGlrWnBAbUB0F7HDVYRrNQoOVeu1bv0IU+/54VcZywbIuSTys0q9SG5m02TZohr63uMAVzLcSfRTJ5iEd1cKa/VVgv7MH5DiETGnKCyx5I/MkulA1NJrN9Rv6L06Yr8Lv6r+ZA/Ojh5waeRRQaGILIGMm7EeYhToQoqwSQe5vejiFHnhuTzPNVllKEkaZrOoa3GynlCgUpA7jcDvtmvDmVBoRMW6hRK6hR6nm5V/gA4G8PSXPNonaQ8wZnFLdqVKJsaFtqrb4fajs1LS6TtZp7IJL1vqJABFVXavYBTaI2CZHgGVlDDRIrqadDK5Kn2s7j0PfHf8A1Py3pJ/fv9+BM1xBbDpYlXYP0DDpTWLYAVV7nvXblnPEEzAAWAQa0L1Aqzq7AWN7AxqONvojzz1UI97+wRJ4Pyo2Lut9BqTf5Aoccsl4Y8nMKysHgYMHV9NboyjUoADKdRGwHvfat8Q4rLDJzAKwpjqNkWAwvte4xyhz+cz4ZFdkje01jYmxXJ798Zzxlh28XZ00uRZ918UGcF8GZ2CNYlGQYKWIa5geZmbotUBqqgdhWGCeF+IX/SZNPl9qb0//AJC/uwVw3wBlkhVHeVpl5vtKysk6sdjpcHZdvh6bdMJJsrxHKyMmYznEZYf6qbKxxTHT+jNF5RdWH6Q1A+2B0G/+rHED1zsC/KCWQfk+aOFviPgpy0XmZrP7MQixxZPLl5nPRIldXZnPQAfXbA0z56bkyeZ4oZDtrzMEWXhj9WctAGav0UBJ9RixZfwtJlwMwkgzedAozZrURR6rCoOmAE+g6dT3wIH+BOHS5bh2XgmBEiR0QWDFQSSqkjYlVIXbbbbAma8RDKjUUDGaWY2X0KBG4iG4VjuAKAHY/LAs/iTMR8uZjmh94oUZf77Ow/ZgJeIw5jNZGOEsUjJU6tJYmixJom/gs9BZ9qxLLQb/AK6SkcuXB/siST9oQA/u69qJ1Txdmf8A4c/+DN/HX+L2xa2lohEjUkAE3ygX030nc0fy+WFrTOWNgjemrVS7m+YbKAoB3G+oHuQHJeBOPGOYHXLH/wAOVf8A7T/FfIT/AF3kHxZXb3Mi/n90f49cWjJZ8OFBBBYbWpCkgb6T09TXpfWsc8zlZHkBD6V7UPe+bfc/sxGCqz+MY3AWTLLQ7eadv/pjGi+KssGBGXQEGwfN9De3L9a9q67YuEeciIUsUBKgkelgHA+dqRfuWTb4iBTD3vYAVeM71dWi7X4K5nPGjyKUhQKx2tSZX6/hXSAD+sSQLGxo078JcLbLwnWKeQ62F3W1AX3NDf1Nnvg/h8YAINMVIpq3IIDdfrV4450SSsRG5VVJUlTvZCmzv1G+3+ONpEGl+2OGTktb9zXyvHCaSSgnUnqwBA6/WtqvBWXQKoX0wMdzuMTEGJgU1wNNlA29lSRRIrcejAghh16jazVWcEUMIfFfFEhh0GdIWfl1Gi6K1guiWCxFf9SADSjBch2eQsG20ml1UOh7sOpq6NmxvgLxkB9kkvpaf8RfyxVspE8shkKxTQQxh1aLnM4MhDPGlkrIFjYEAk3QHUEWDw7xaLNQSNu8KyaFaVKJCgGmB6sp21fK97wBS8umqgOv6I1NXtsP+WCspJBEx1xK0oKFUvzGOlrYKgLHdbB22vt3deIpsksTAqVXqTGSr9CBuNyATddMUA+M1jVTlMssTKeZ253NHQ2531FRZOCQsvTcaOvUhAJvSqDVWsRiht/2a9h1ONJw7BndgvIGVmYG76A77d/bY4o2V49nIw8SxESSENqo7btuqj1si/1RjP8AoPOZkg5iViPRjdfJRsMe1RxxSba9/Q+e8U5v1uxvmPEGUjd9TnMUAY1F0x3tW2UD8J3vYEbnfCx/E2bn5MvGI1HQBQxHf00jm5th13FUMNOGeEogG5dTIwTm6amCkbDtzjFkyPDlWo0LCTVpCaUFAdWPLsOtH2Oxo4zLUxXyq/v/AA7Y9MkU7LeC8zmKeeQ3aLvzUCVQbbAACth6Y9H8OeHvIiEdxtoLKNUZahZuuYdTvgsMEyiOa6RMSSBfOh6n/r8zjVOIxqCTIRuSa8uhZs9e1nv6D3x555ZT+Y9EYKPQ4JAFkil0BnILkKAtkRy0qjsNyB8z64sI7fL/AAxXMlE7mNm84aFBTSE9CtttRsE0Pl36GM8msU70pTVrWPcO4XSAq33Ju/Tre2DR3mzbfao4wRoKEkVve+9/T9uOPGfEMWXZUbmZugBXY7EA2drvrhJw/gPkzxxGViSrNacmm9XKo3obftOM8YyhSTSJCwJYnWNZOiNDzbG/i2FbUD13xAM85xqSJA8scIRhdCYF69VBUB9uwOC5p4ldCkQd200VUClcMdWr5Kxr2wl49wwLDHIHO6rExYBl0MdVsaLBRdcpsiheBeH8Y+zDS6KykkwndCqlgNw1skRN6SSehwKWLiOZ8lgy7lxzLV/D0bqKNbe4A/RxzyhhdC8gUuS2qwNQ3ql77AACu49bws4hxhLCTRLroaCkgKU9fG5HKKAO4PbBWX44qMuXMaq4dUrzAVpr3D1zMDVqdzeBBnkckVWPUxOgbKa2OmhZHWgSPr3644cREwDtqGj0rcD54zImYWI1Tyah00g6aF6SVC3d9R09cBNxlnijCwszuDqHl6l5LVyOYAjXS/F3vfHPLj3xq6Nwltd0ceGPYRGBJI0sALAAFAj6m72wwmUZaM1zFva+aj27jGq6cvpJT4hv3I6Gie9X29MbcTRnCyow0AX6HvZ/LHDSYluqTW5fizrny7VuSbj+yq8S43OuwarNhqANAAfIHasLeH52cuVWVgZDzEkte1W3XoP3YskXh5cwHlLUWHLXTV+ka6iqH5nHXI8OiybyM+or2ZhYoURQA5mu+g6fXH1FthGu4+NCa3RVfQc8IgzCg+fKH7ABQKo9SR1vDBcaxkEWOnyxlVHpjg3Z527OgxMQYmMkNKws43w1po/u2Cyj4WIDCrBZWBBBVq7g0aarAwzxhemKUqXD+H5mKmjgQTc6SW+jLspcurDTZ1C6A0dCRsAMN34UzQzKWAlltjp+BWqlrYXWlbPU7n2DYYmBCiweCid55C36o6YBXhWWyspiRDzFbNKQmvlUWeaz1NA112vHozreKRxPgUgmlPkef5rFlfl7qAqNZ5QpUb9CG9RiMqM51UhoFWZiL0qLIVe5JNAfM468O4d9qZ2VpESM6F6ofMG76l76dlo7XqwZB4U0LEyMiSqqiS0LrIw3tuZSTZYXe4Y+1OuE8P8AIi0atZsszEVqZjZNdvliUAPh2TBbNKDRE6kGrorDl2G3cWBtgtcq+ouDGHZdOvc7DuF6X079lu6GOOYy08bytCFdZaLAuY2RwoTUjaGBBVV2IFEXvdBKPD79ssF9lzRHdWJFQ2CSoO3ShVUKoLXl4giqqnYDSOn4dvz2wPBOgneJQdZUSue29It+5CnoPw4rieHmAA+yrQ3H85qjRF7Qjei395vU4JyXDJYm1plUB7/zki/h2NQ9OUGulk7b4oGuRckKVF0gUknTvsdrG4+W3btjk8rNMY9O58tjTA6QrBiTtsNiB6kfOuRhlJJOQy3/AIo/9nGJps3Gp8nJQ3Y5Vmq9wCT92vbvf59MADeJs2YZlkB3ERAPpqLC+na7wszObhSSIJqIVZDJIdLBmk8umJ11Z0nuMNeMxq88aSkIGiIO903MRpO1kEbbb10wrk4hNCvksusCirKTGaBvqRYXY2K9d6xCj7hOaTX5UbH+j1FdiFIIBIILCm1XVndb7klHxvjCNOaJAXkDbU9JOCRsRQZgN+5Hth1wwli8srp5zpQRbARFs0t7k2bJ+WKc2SRn/owaywcUStNoU6zXWgW2PrgQY5/jAIQ7q1NyDfUDDHXVe5tarqDXrjpmOKjz9QvVqHIDd6ZY+5X0W722xpxXIRmZj5Y5IoWFHSF1GmJUbNYob4G4zkF87MsFACSItWQoDIpoJ8O5s4Au44nFoEhkCqwvcjYCgb9KOxPS8JPDWZh1zPYjZjrUMxFI/YKwFG0LHSK3G+OuQ4QsiEhmTS8qUlAMjObQgg7bdsbcbg15iNNVB0KSgrrHlkkr12Vma1BxQERZpM4q6CdIbmNqdtOobqTR3ArqMNHiGnT2qq9qIxsFroAPljJ7YyopScu7K5Nquwm4fMyVGIjpUAMaOr8qrr798CeMvCsWdVTI8iso0JpPKC7AaitbsBY+RxZGxrPEGUqwBBG4ONWZSoD4TICukOWVQqqWvW1KOZiQLJrt6HfsDlHvgTJcMiiFIgG9gm2IJFGmNkf5nBa9MCnUYxiDExCGhPtjCn2ONsYAxSmAfY4l+xxkDEwBi/Y4l+xxmsQjAGrH2OMk+xxlhiHAhi/Y4gPscbYwMCmAfY4gPscZAxAMAY1exxNXtjNYlYAW8W4PHmCrNrVlBCsjURYIvuL3O9bXhcPDBH/7vNH+1JdfW8WMjEIwAoyXBFjOsySyNRAMjBiLBBo9eh9fT0GNT4bgKopEnICthypdW6q9VYPSvTbphyRjOAFmZ4NFJIsrK2oBQQGKqwU6lDqDTAHfEfg0TSmYq2okFhqOhioKhmS6JAwyAxAMALP9G6YHhiZlJumJsgsbonrXb1r1OF0vASY3fy0GYJVlKFgF0kHQjEgqDTegGs4sgGJWABOHeZp+8UqbNKWDlRtsW7m7+hGCiemxxnEI6YAwT7HEJ9jjJGIRgDF+xxFPscbYwBgDoMYxBiYhD//Z')
INSERT [dbo].[SUBJECT] ([SUBJECTNO], [TITLE], [DESCRIPTION], [CATEGORYNO], [STATUS], [IMAGE]) VALUES (16, N'Test', N'3223432342', 6, 1, N'https://encrypted-tbn0.gstatic.com/images?q=tbn:ANd9GcTYLZiXA8oAZTjxvNeT3Fw_1lgmQbyGQXsga_MsiznIWpvHuv0cvmmqWS0oUJw1oY8Uw-o&usqp=CAU')
SET IDENTITY_INSERT [dbo].[SUBJECT] OFF
GO
INSERT [dbo].[USER] ([USERNAME], [PASSWORD], [FIRST_NAME], [LAST_NAME], [EMAIL], [PHONENUMBER], [ROLE], [STATUS]) VALUES (N'admin               ', N'123                 ', N'Administrator', N'', N'admin@gmail.com                                                                                     ', N'0346710500      ', 0, 1)
INSERT [dbo].[USER] ([USERNAME], [PASSWORD], [FIRST_NAME], [LAST_NAME], [EMAIL], [PHONENUMBER], [ROLE], [STATUS]) VALUES (N'giabao              ', N'1234                ', N'Gia', N'Bao', N'baotran5102@gmail.com                                                                               ', N'0346710500      ', 1, 1)
INSERT [dbo].[USER] ([USERNAME], [PASSWORD], [FIRST_NAME], [LAST_NAME], [EMAIL], [PHONENUMBER], [ROLE], [STATUS]) VALUES (N'qvinh               ', N'123                 ', N'Quag', N'Vih', N'Vinh123@gmail.com                                                                                   ', N'0346710500      ', 1, 1)
INSERT [dbo].[USER] ([USERNAME], [PASSWORD], [FIRST_NAME], [LAST_NAME], [EMAIL], [PHONENUMBER], [ROLE], [STATUS]) VALUES (N'string              ', N'string              ', N'string', N'string', N'string                                                                                              ', N'0346710500      ', 1, 1)
INSERT [dbo].[USER] ([USERNAME], [PASSWORD], [FIRST_NAME], [LAST_NAME], [EMAIL], [PHONENUMBER], [ROLE], [STATUS]) VALUES (N'vuhuy               ', N'123                 ', N'Vu', N'Huy', N'HuyVu@gmail.com                                                                                     ', N'0346710500      ', 1, 1)
GO
ALTER TABLE [dbo].[ANSWER] ADD  CONSTRAINT [DF_ANSWER_STATUS]  DEFAULT ((1)) FOR [STATUS]
GO
ALTER TABLE [dbo].[CATEGORY] ADD  CONSTRAINT [DF_CATEGORY_STATUS]  DEFAULT ((1)) FOR [STATUS]
GO
ALTER TABLE [dbo].[QUESTION] ADD  CONSTRAINT [DF_QUESTION_STATUS]  DEFAULT ((1)) FOR [STATUS]
GO
ALTER TABLE [dbo].[SUBJECT] ADD  CONSTRAINT [DF_SUBJECT_STATUS]  DEFAULT ((1)) FOR [STATUS]
GO
ALTER TABLE [dbo].[USER] ADD  CONSTRAINT [DF_USER_ROLE]  DEFAULT ((1)) FOR [ROLE]
GO
ALTER TABLE [dbo].[USER] ADD  CONSTRAINT [DF_USER_STATUS]  DEFAULT ((1)) FOR [STATUS]
GO
ALTER TABLE [dbo].[ANSWER]  WITH CHECK ADD  CONSTRAINT [FK_ANSWER_QUESTION] FOREIGN KEY([QUESTIONNO])
REFERENCES [dbo].[QUESTION] ([QUESTIONNO])
GO
ALTER TABLE [dbo].[ANSWER] CHECK CONSTRAINT [FK_ANSWER_QUESTION]
GO
ALTER TABLE [dbo].[ENROLL]  WITH CHECK ADD  CONSTRAINT [FK_ENROLL_SUBJECT] FOREIGN KEY([SUBJECTNO])
REFERENCES [dbo].[SUBJECT] ([SUBJECTNO])
GO
ALTER TABLE [dbo].[ENROLL] CHECK CONSTRAINT [FK_ENROLL_SUBJECT]
GO
ALTER TABLE [dbo].[ENROLL]  WITH CHECK ADD  CONSTRAINT [FK_ENROLL_USER] FOREIGN KEY([USERNAME])
REFERENCES [dbo].[USER] ([USERNAME])
GO
ALTER TABLE [dbo].[ENROLL] CHECK CONSTRAINT [FK_ENROLL_USER]
GO
ALTER TABLE [dbo].[QUESTION]  WITH CHECK ADD  CONSTRAINT [FK_QUESTION_SUBJECT] FOREIGN KEY([SUBJECTNO])
REFERENCES [dbo].[SUBJECT] ([SUBJECTNO])
GO
ALTER TABLE [dbo].[QUESTION] CHECK CONSTRAINT [FK_QUESTION_SUBJECT]
GO
ALTER TABLE [dbo].[SUBJECT]  WITH CHECK ADD  CONSTRAINT [FK_SUBJECT_CATEGORY] FOREIGN KEY([CATEGORYNO])
REFERENCES [dbo].[CATEGORY] ([CATEGORYNO])
GO
ALTER TABLE [dbo].[SUBJECT] CHECK CONSTRAINT [FK_SUBJECT_CATEGORY]
GO
USE [master]
GO
ALTER DATABASE [QuizAPI] SET  READ_WRITE 
GO
